dequeued node 101, type INP
dequeued node 104, type INP
dequeued node 107, type INP
dequeued node 110, type INP
dequeued node 113, type INP
dequeued node 116, type INP
dequeued node 119, type INP
dequeued node 122, type INP
dequeued node 125, type INP
dequeued node 128, type INP
dequeued node 131, type INP
dequeued node 134, type INP
dequeued node 137, type INP
dequeued node 140, type INP
dequeued node 143, type INP
dequeued node 146, type INP
dequeued node 210, type INP
dequeued node 214, type INP
dequeued node 217, type INP
dequeued node 221, type INP
dequeued node 224, type INP
dequeued node 227, type INP
dequeued node 234, type INP
dequeued node 237, type INP
dequeued node 469, type INP
dequeued node 472, type INP
dequeued node 475, type INP
dequeued node 478, type INP
dequeued node 898, type INP
dequeued node 900, type INP
dequeued node 902, type INP
dequeued node 952, type INP
dequeued node 953, type INP
dequeued node 149, type NOT
0.000000, 1.897810, 3.795620
 0.001174 0.009525 0.014207
 0.004724 0.011031 0.015699
v= 0.012405
0.000000, 1.897810, 3.795620
 0.001174 0.006754 0.011085
 0.004724 0.006755 0.011086
v= 0.009096
dequeued node 1506, type BUFF
0.000000, 1.895430, 3.790860
 0.001174 0.019279 0.024077
 0.004724 0.020757 0.025546
v= 0.023175
0.000000, 1.895430, 3.790860
 0.001174 0.007454 0.011568
 0.004724 0.007457 0.011571
v= 0.010502
dequeued node 153, type NOT
0.000000, 1.897810, 3.795620
 0.001174 0.009525 0.014207
 0.004724 0.011031 0.015699
v= 0.010003
0.000000, 1.897810, 3.795620
 0.001174 0.006754 0.011085
 0.004724 0.006755 0.011086
v= 0.006872
dequeued node 1514, type BUFF
0.000000, 1.895430, 3.790860
 0.001174 0.019279 0.024077
 0.004724 0.020757 0.025546
v= 0.023175
0.000000, 1.895430, 3.790860
 0.001174 0.007454 0.011568
 0.004724 0.007457 0.011571
v= 0.010502
dequeued node 156, type NOT
0.000000, 1.897810, 3.795620
 0.001174 0.009525 0.014207
 0.004724 0.011031 0.015699
v= 0.012405
0.000000, 1.897810, 3.795620
 0.001174 0.006754 0.011085
 0.004724 0.006755 0.011086
v= 0.009096
dequeued node 1522, type BUFF
0.000000, 1.895430, 3.790860
 0.001174 0.019279 0.024077
 0.004724 0.020757 0.025546
v= 0.023175
0.000000, 1.895430, 3.790860
 0.001174 0.007454 0.011568
 0.004724 0.007457 0.011571
v= 0.010502
dequeued node 160, type NOT
0.000000, 3.795620, 7.591250
 0.001174 0.014207 0.023411
 0.004724 0.015699 0.024951
v= 0.014804
0.000000, 3.795620, 7.591250
 0.001174 0.011085 0.019752
 0.004724 0.011086 0.019748
v= 0.011320
dequeued node 1530, type BUFF
0.000000, 1.895430, 3.790860
 0.001174 0.019279 0.024077
 0.004724 0.020757 0.025546
v= 0.023175
0.000000, 1.895430, 3.790860
 0.001174 0.007454 0.011568
 0.004724 0.007457 0.011571
v= 0.010502
dequeued node 165, type NOT
0.000000, 1.897810, 3.795620
 0.001174 0.009525 0.014207
 0.004724 0.011031 0.015699
v= 0.010003
0.000000, 1.897810, 3.795620
 0.001174 0.006754 0.011085
 0.004724 0.006755 0.011086
v= 0.006872
dequeued node 1538, type BUFF
0.000000, 1.895430, 3.790860
 0.001174 0.019279 0.024077
 0.004724 0.020757 0.025546
v= 0.023175
0.000000, 1.895430, 3.790860
 0.001174 0.007454 0.011568
 0.004724 0.007457 0.011571
v= 0.010502
dequeued node 168, type NOT
0.000000, 1.897810, 3.795620
 0.001174 0.009525 0.014207
 0.004724 0.011031 0.015699
v= 0.010003
0.000000, 1.897810, 3.795620
 0.001174 0.006754 0.011085
 0.004724 0.006755 0.011086
v= 0.006872
dequeued node 1546, type BUFF
0.000000, 1.895430, 3.790860
 0.001174 0.019279 0.024077
 0.004724 0.020757 0.025546
v= 0.023175
0.000000, 1.895430, 3.790860
 0.001174 0.007454 0.011568
 0.004724 0.007457 0.011571
v= 0.010502
dequeued node 171, type NOT
0.000000, 1.897810, 3.795620
 0.001174 0.009525 0.014207
 0.004724 0.011031 0.015699
v= 0.012405
0.000000, 1.897810, 3.795620
 0.001174 0.006754 0.011085
 0.004724 0.006755 0.011086
v= 0.009096
dequeued node 1554, type BUFF
0.000000, 1.895430, 3.790860
 0.001174 0.019279 0.024077
 0.004724 0.020757 0.025546
v= 0.023175
0.000000, 1.895430, 3.790860
 0.001174 0.007454 0.011568
 0.004724 0.007457 0.011571
v= 0.010502
dequeued node 175, type NOT
0.000000, 1.897810, 3.795620
 0.001174 0.009525 0.014207
 0.004724 0.011031 0.015699
v= 0.012405
0.000000, 1.897810, 3.795620
 0.001174 0.006754 0.011085
 0.004724 0.006755 0.011086
v= 0.009096
dequeued node 1562, type BUFF
0.000000, 1.895430, 3.790860
 0.001174 0.019279 0.024077
 0.004724 0.020757 0.025546
v= 0.023175
0.000000, 1.895430, 3.790860
 0.001174 0.007454 0.011568
 0.004724 0.007457 0.011571
v= 0.010502
dequeued node 179, type NOT
0.000000, 3.795620, 7.591250
 0.001174 0.014207 0.023411
 0.004724 0.015699 0.024951
v= 0.014804
0.000000, 3.795620, 7.591250
 0.001174 0.011085 0.019752
 0.004724 0.011086 0.019748
v= 0.011320
dequeued node 1570, type BUFF
0.000000, 1.895430, 3.790860
 0.001174 0.019279 0.024077
 0.004724 0.020757 0.025546
v= 0.023175
0.000000, 1.895430, 3.790860
 0.001174 0.007454 0.011568
 0.004724 0.007457 0.011571
v= 0.010502
dequeued node 184, type NOT
0.000000, 1.897810, 3.795620
 0.001174 0.009525 0.014207
 0.004724 0.011031 0.015699
v= 0.012405
0.000000, 1.897810, 3.795620
 0.001174 0.006754 0.011085
 0.004724 0.006755 0.011086
v= 0.009096
dequeued node 1578, type BUFF
0.000000, 1.895430, 3.790860
 0.001174 0.019279 0.024077
 0.004724 0.020757 0.025546
v= 0.023175
0.000000, 1.895430, 3.790860
 0.001174 0.007454 0.011568
 0.004724 0.007457 0.011571
v= 0.010502
dequeued node 188, type NOT
0.000000, 1.897810, 3.795620
 0.001174 0.009525 0.014207
 0.004724 0.011031 0.015699
v= 0.010003
0.000000, 1.897810, 3.795620
 0.001174 0.006754 0.011085
 0.004724 0.006755 0.011086
v= 0.006872
dequeued node 1586, type BUFF
0.000000, 1.895430, 3.790860
 0.001174 0.019279 0.024077
 0.004724 0.020757 0.025546
v= 0.023175
0.000000, 1.895430, 3.790860
 0.001174 0.007454 0.011568
 0.004724 0.007457 0.011571
v= 0.010502
dequeued node 191, type NOT
0.000000, 1.897810, 3.795620
 0.001174 0.009525 0.014207
 0.004724 0.011031 0.015699
v= 0.010003
0.000000, 1.897810, 3.795620
 0.001174 0.006754 0.011085
 0.004724 0.006755 0.011086
v= 0.006872
dequeued node 1594, type BUFF
0.000000, 1.895430, 3.790860
 0.001174 0.019279 0.024077
 0.004724 0.020757 0.025546
v= 0.023175
0.000000, 1.895430, 3.790860
 0.001174 0.007454 0.011568
 0.004724 0.007457 0.011571
v= 0.010502
dequeued node 194, type NOT
0.000000, 1.897810, 3.795620
 0.001174 0.009525 0.014207
 0.004724 0.011031 0.015699
v= 0.012405
0.000000, 1.897810, 3.795620
 0.001174 0.006754 0.011085
 0.004724 0.006755 0.011086
v= 0.009096
dequeued node 1602, type BUFF
0.000000, 1.895430, 3.790860
 0.001174 0.019279 0.024077
 0.004724 0.020757 0.025546
v= 0.023175
0.000000, 1.895430, 3.790860
 0.001174 0.007454 0.011568
 0.004724 0.007457 0.011571
v= 0.010502
dequeued node 198, type NOT
0.000000, 1.897810, 3.795620
 0.001174 0.009525 0.014207
 0.004724 0.011031 0.015699
v= 0.012405
0.000000, 1.897810, 3.795620
 0.001174 0.006754 0.011085
 0.004724 0.006755 0.011086
v= 0.009096
dequeued node 1610, type BUFF
0.000000, 1.895430, 3.790860
 0.001174 0.019279 0.024077
 0.004724 0.020757 0.025546
v= 0.023175
0.000000, 1.895430, 3.790860
 0.001174 0.007454 0.011568
 0.004724 0.007457 0.011571
v= 0.010502
dequeued node 202, type NOT
0.000000, 1.897810, 3.795620
 0.001174 0.009525 0.014207
 0.004724 0.011031 0.015699
v= 0.012405
0.000000, 1.897810, 3.795620
 0.001174 0.006754 0.011085
 0.004724 0.006755 0.011086
v= 0.009096
dequeued node 1618, type BUFF
0.000000, 1.895430, 3.790860
 0.001174 0.019279 0.024077
 0.004724 0.020757 0.025546
v= 0.023175
0.000000, 1.895430, 3.790860
 0.001174 0.007454 0.011568
 0.004724 0.007457 0.011571
v= 0.010502
dequeued node 206, type NOT
0.000000, 1.897810, 3.795620
 0.001174 0.009525 0.014207
 0.004724 0.011031 0.015699
v= 0.012405
0.000000, 1.897810, 3.795620
 0.001174 0.006754 0.011085
 0.004724 0.006755 0.011086
v= 0.009096
dequeued node 1626, type BUFF
0.000000, 1.895430, 3.790860
 0.001174 0.019279 0.024077
 0.004724 0.020757 0.025546
v= 0.023175
0.000000, 1.895430, 3.790860
 0.001174 0.007454 0.011568
 0.004724 0.007457 0.011571
v= 0.010502
dequeued node 245, type BUFF
0.000000, 0.365616, 1.895430
 0.001174 0.015066 0.019279
 0.004724 0.016556 0.020757
v= 0.019460
0.000000, 0.365616, 1.895430
 0.001174 0.004316 0.007454
 0.004724 0.004315 0.007457
v= 0.007333
dequeued node 248, type BUFF
0.000000, 1.895430, 3.790860
 0.001174 0.019279 0.024077
 0.004724 0.020757 0.025546
v= 0.022919
0.000000, 1.895430, 3.790860
 0.001174 0.007454 0.011568
 0.004724 0.007457 0.011571
v= 0.010282
dequeued node 241, type NOT
0.000000, 0.365616, 1.897810
 0.001174 0.005585 0.009525
 0.004724 0.007266 0.011031
v= 0.009719
0.000000, 0.365616, 1.897810
 0.001174 0.003259 0.006754
 0.004724 0.003321 0.006755
v= 0.006614
dequeued node 244, type NOT
0.000000, 0.365616, 1.897810
 0.001174 0.005585 0.009525
 0.004724 0.007266 0.011031
v= 0.009115
0.000000, 0.365616, 1.897810
 0.001174 0.003259 0.006754
 0.004724 0.003321 0.006755
v= 0.006075
dequeued node 517, type NOT
0.000000, 1.897810, 3.795620
 0.001174 0.009525 0.014207
 0.004724 0.011031 0.015699
v= 0.010003
0.000000, 1.897810, 3.795620
 0.001174 0.006754 0.011085
 0.004724 0.006755 0.011086
v= 0.006872
dequeued node 529, type NOT
0.000000, 1.897810, 3.795620
 0.001174 0.009525 0.014207
 0.004724 0.011031 0.015699
v= 0.010003
0.000000, 1.897810, 3.795620
 0.001174 0.006754 0.011085
 0.004724 0.006755 0.011086
v= 0.006872
dequeued node 541, type NOT
0.000000, 1.897810, 3.795620
 0.001174 0.009525 0.014207
 0.004724 0.011031 0.015699
v= 0.010003
0.000000, 1.897810, 3.795620
 0.001174 0.006754 0.011085
 0.004724 0.006755 0.011086
v= 0.006872
dequeued node 553, type NOT
0.000000, 1.897810, 3.795620
 0.001174 0.009525 0.014207
 0.004724 0.011031 0.015699
v= 0.010003
0.000000, 1.897810, 3.795620
 0.001174 0.006754 0.011085
 0.004724 0.006755 0.011086
v= 0.006872
dequeued node 231, type NAND
0.000000, 0.365616, 1.854900
 0.001174 0.007431 0.011210
 0.004724 0.008963 0.012708
v= 0.009187
0.000000, 0.365616, 1.854900
 0.001174 0.007431 0.011210
 0.004724 0.008963 0.012708
v= 0.009187
0.000000, 0.365616, 1.854900
 0.001174 0.004749 0.008148
 0.004724 0.004754 0.008147
v= 0.006011
dequeued node 907, type NOT
0.000000, 1.897810, 3.795620
 0.001174 0.009525 0.014207
 0.004724 0.011031 0.015699
v= 0.013081
0.000000, 1.897810, 3.795620
 0.001174 0.006754 0.011085
 0.004724 0.006755 0.011086
v= 0.009722
dequeued node 233, type NAND
0.000000, 0.365616, 1.854900
 0.001174 0.007431 0.011210
 0.004724 0.008963 0.012708
v= 0.009187
0.000000, 0.365616, 1.854900
 0.001174 0.007431 0.011210
 0.004724 0.008963 0.012708
v= 0.009187
0.000000, 0.365616, 1.854900
 0.001174 0.004749 0.008148
 0.004724 0.004754 0.008147
v= 0.006011
dequeued node 909, type NOT
0.000000, 1.897810, 3.795620
 0.001174 0.009525 0.014207
 0.004724 0.011031 0.015699
v= 0.013081
0.000000, 1.897810, 3.795620
 0.001174 0.006754 0.011085
 0.004724 0.006755 0.011086
v= 0.009722
dequeued node 911, type BUFF
0.000000, 3.790860, 7.581710
 0.001174 0.024077 0.033370
 0.004724 0.025546 0.034838
v= 0.028630
0.000000, 3.790860, 7.581710
 0.001174 0.011568 0.020098
 0.004724 0.011571 0.020097
v= 0.015434
dequeued node 918, type NOT
0.000000, 7.591250, 15.182500
 0.001174 0.023411 0.041682
 0.004724 0.024951 0.043292
v= 0.028594
0.000000, 7.591250, 15.182500
 0.001174 0.019752 0.037083
 0.004724 0.019748 0.037082
v= 0.024324
dequeued node 919, type BUFF
0.000000, 1.895430, 3.790860
 0.001174 0.019279 0.024077
 0.004724 0.020757 0.025546
v= 0.022919
0.000000, 1.895430, 3.790860
 0.001174 0.007454 0.011568
 0.004724 0.007457 0.011571
v= 0.010282
dequeued node 922, type NOT
0.000000, 1.897810, 3.795620
 0.001174 0.009525 0.014207
 0.004724 0.011031 0.015699
v= 0.013081
0.000000, 1.897810, 3.795620
 0.001174 0.006754 0.011085
 0.004724 0.006755 0.011086
v= 0.009722
dequeued node 926, type BUFF
0.000000, 1.895430, 3.790860
 0.001174 0.019279 0.024077
 0.004724 0.020757 0.025546
v= 0.021196
0.000000, 1.895430, 3.790860
 0.001174 0.007454 0.011568
 0.004724 0.007457 0.011571
v= 0.008804
dequeued node 930, type NOT
0.000000, 7.591250, 15.182500
 0.001174 0.023411 0.041682
 0.004724 0.024951 0.043292
v= 0.028594
0.000000, 7.591250, 15.182500
 0.001174 0.019752 0.037083
 0.004724 0.019748 0.037082
v= 0.024324
dequeued node 932, type NOT
0.000000, 0.365616, 1.897810
 0.001174 0.005585 0.009525
 0.004724 0.007266 0.011031
v= 0.009719
0.000000, 0.365616, 1.897810
 0.001174 0.003259 0.006754
 0.004724 0.003321 0.006755
v= 0.006614
dequeued node 859, type NOT
0.000000, 0.365616, 1.897810
 0.001174 0.005585 0.009525
 0.004724 0.007266 0.011031
v= 0.007382
0.000000, 0.365616, 1.897810
 0.001174 0.003259 0.006754
 0.004724 0.003321 0.006755
v= 0.004529
dequeued node 862, type NOT
0.000000, 0.365616, 1.897810
 0.001174 0.005585 0.009525
 0.004724 0.007266 0.011031
v= 0.007382
0.000000, 0.365616, 1.897810
 0.001174 0.003259 0.006754
 0.004724 0.003321 0.006755
v= 0.004529
dequeued node 934, type BUFF
0.000000, 0.365616, 1.895430
 0.001174 0.015066 0.019279
 0.004724 0.016556 0.020757
v= 0.019460
0.000000, 0.365616, 1.895430
 0.001174 0.004316 0.007454
 0.004724 0.004315 0.007457
v= 0.007333
dequeued node 938, type NOT
0.000000, 3.795620, 7.591250
 0.001174 0.014207 0.023411
 0.004724 0.015699 0.024951
v= 0.018714
0.000000, 3.795620, 7.591250
 0.001174 0.011085 0.019752
 0.004724 0.011086 0.019748
v= 0.014997
dequeued node 943, type BUFF
0.000000, 3.790860, 7.581710
 0.001174 0.024077 0.033370
 0.004724 0.025546 0.034838
v= 0.030805
0.000000, 3.790860, 7.581710
 0.001174 0.011568 0.020098
 0.004724 0.011571 0.020097
v= 0.017431
dequeued node 947, type BUFF
0.000000, 7.581710, 15.163400
 0.001174 0.033370 0.051705
 0.004724 0.034838 0.053178
v= 0.038578
0.000000, 7.581710, 15.163400
 0.001174 0.020098 0.037371
 0.004724 0.020097 0.037377
v= 0.024683
dequeued node 949, type NOT
0.000000, 3.795620, 7.591250
 0.001174 0.014207 0.023411
 0.004724 0.015699 0.024951
v= 0.015909
0.000000, 3.795620, 7.591250
 0.001174 0.011085 0.019752
 0.004724 0.011086 0.019748
v= 0.012359
dequeued node 251, type BUFF
0.000000, 1.895430, 3.790860
 0.004724 0.020757 0.025546
 0.017186 0.025664 0.030382
v= 0.022614
0.000000, 1.895430, 3.790860
 0.004724 0.007457 0.011571
 0.017186 0.007598 0.011622
v= 0.007622
dequeued node 1197, type BUFF
0.000000, 1.895430, 3.790860
 0.004724 0.020757 0.025546
 0.017186 0.025664 0.030382
v= 0.026007
0.000000, 1.895430, 3.790860
 0.004724 0.007457 0.011571
 0.017186 0.007598 0.011622
v= 0.010530
dequeued node 1207, type BUFF
0.000000, 1.895430, 3.790860
 0.004724 0.020757 0.025546
 0.017186 0.025664 0.030382
v= 0.026007
0.000000, 1.895430, 3.790860
 0.004724 0.007457 0.011571
 0.017186 0.007598 0.011622
v= 0.010530
dequeued node 1512, type NOT
0.000000, 0.365616, 1.897810
 0.004724 0.007266 0.011031
 0.017186 0.011759 0.017202
v= 0.013007
0.000000, 0.365616, 1.897810
 0.004724 0.003321 0.006755
 0.017186 0.006463 0.009176
v= 0.007273
dequeued node 254, type BUFF
0.000000, 1.895430, 3.790860
 0.004724 0.020757 0.025546
 0.017186 0.025664 0.030382
v= 0.021739
0.000000, 1.895430, 3.790860
 0.004724 0.007457 0.011571
 0.017186 0.007598 0.011622
v= 0.007598
dequeued node 1222, type BUFF
0.000000, 1.895430, 3.790860
 0.004724 0.020757 0.025546
 0.017186 0.025664 0.030382
v= 0.025141
0.000000, 1.895430, 3.790860
 0.004724 0.007457 0.011571
 0.017186 0.007598 0.011622
v= 0.010517
dequeued node 1520, type NOT
0.000000, 0.365616, 1.897810
 0.004724 0.007266 0.011031
 0.017186 0.011759 0.017202
v= 0.013007
0.000000, 0.365616, 1.897810
 0.004724 0.003321 0.006755
 0.017186 0.006463 0.009176
v= 0.007273
dequeued node 1278, type BUFF
0.000000, 1.895430, 3.790860
 0.004724 0.020757 0.025546
 0.017186 0.025664 0.030382
v= 0.026007
0.000000, 1.895430, 3.790860
 0.004724 0.007457 0.011571
 0.017186 0.007598 0.011622
v= 0.010530
dequeued node 1657, type BUFF
0.000000, 1.895430, 3.790860
 0.004724 0.020757 0.025546
 0.017186 0.025664 0.030382
v= 0.026007
0.000000, 1.895430, 3.790860
 0.004724 0.007457 0.011571
 0.017186 0.007598 0.011622
v= 0.010530
dequeued node 1665, type BUFF
0.000000, 1.895430, 3.790860
 0.004724 0.020757 0.025546
 0.017186 0.025664 0.030382
v= 0.026007
0.000000, 1.895430, 3.790860
 0.004724 0.007457 0.011571
 0.017186 0.007598 0.011622
v= 0.010530
dequeued node 1528, type NOT
0.000000, 0.365616, 1.897810
 0.004724 0.007266 0.011031
 0.017186 0.011759 0.017202
v= 0.013007
0.000000, 0.365616, 1.897810
 0.004724 0.003321 0.006755
 0.017186 0.006463 0.009176
v= 0.007273
dequeued node 1050, type BUFF
0.000000, 1.895430, 3.790860
 0.004724 0.020757 0.025546
 0.017186 0.025664 0.030382
v= 0.026874
0.000000, 1.895430, 3.790860
 0.004724 0.007457 0.011571
 0.017186 0.007598 0.011622
v= 0.010543
dequeued node 1312, type BUFF
0.000000, 1.895430, 3.790860
 0.004724 0.020757 0.025546
 0.017186 0.025664 0.030382
v= 0.026874
0.000000, 1.895430, 3.790860
 0.004724 0.007457 0.011571
 0.017186 0.007598 0.011622
v= 0.010543
dequeued node 1785, type BUFF
0.000000, 1.895430, 3.790860
 0.004724 0.020757 0.025546
 0.017186 0.025664 0.030382
v= 0.026874
0.000000, 1.895430, 3.790860
 0.004724 0.007457 0.011571
 0.017186 0.007598 0.011622
v= 0.010543
dequeued node 1793, type BUFF
0.000000, 1.895430, 3.790860
 0.004724 0.020757 0.025546
 0.017186 0.025664 0.030382
v= 0.026874
0.000000, 1.895430, 3.790860
 0.004724 0.007457 0.011571
 0.017186 0.007598 0.011622
v= 0.010543
dequeued node 1536, type NOT
0.000000, 0.365616, 1.897810
 0.004724 0.007266 0.011031
 0.017186 0.011759 0.017202
v= 0.013007
0.000000, 0.365616, 1.897810
 0.004724 0.003321 0.006755
 0.017186 0.006463 0.009176
v= 0.007273
dequeued node 288, type BUFF
0.000000, 1.895430, 3.790860
 0.004724 0.020757 0.025546
 0.017186 0.025664 0.030382
v= 0.021739
0.000000, 1.895430, 3.790860
 0.004724 0.007457 0.011571
 0.017186 0.007598 0.011622
v= 0.007598
dequeued node 1814, type BUFF
0.000000, 1.895430, 3.790860
 0.004724 0.020757 0.025546
 0.017186 0.025664 0.030382
v= 0.025141
0.000000, 1.895430, 3.790860
 0.004724 0.007457 0.011571
 0.017186 0.007598 0.011622
v= 0.010517
dequeued node 1544, type NOT
0.000000, 0.365616, 1.897810
 0.004724 0.007266 0.011031
 0.017186 0.011759 0.017202
v= 0.013007
0.000000, 0.365616, 1.897810
 0.004724 0.003321 0.006755
 0.017186 0.006463 0.009176
v= 0.007273
dequeued node 291, type BUFF
0.000000, 1.895430, 3.790860
 0.004724 0.020757 0.025546
 0.017186 0.025664 0.030382
v= 0.021739
0.000000, 1.895430, 3.790860
 0.004724 0.007457 0.011571
 0.017186 0.007598 0.011622
v= 0.007598
dequeued node 1854, type BUFF
0.000000, 1.895430, 3.790860
 0.004724 0.020757 0.025546
 0.017186 0.025664 0.030382
v= 0.025141
0.000000, 1.895430, 3.790860
 0.004724 0.007457 0.011571
 0.017186 0.007598 0.011622
v= 0.010517
dequeued node 1552, type NOT
0.000000, 0.365616, 1.897810
 0.004724 0.007266 0.011031
 0.017186 0.011759 0.017202
v= 0.013007
0.000000, 0.365616, 1.897810
 0.004724 0.003321 0.006755
 0.017186 0.006463 0.009176
v= 0.007273
dequeued node 1697, type BUFF
0.000000, 1.895430, 3.790860
 0.004724 0.020757 0.025546
 0.017186 0.025664 0.030382
v= 0.026007
0.000000, 1.895430, 3.790860
 0.004724 0.007457 0.011571
 0.017186 0.007598 0.011622
v= 0.010530
dequeued node 1705, type BUFF
0.000000, 1.895430, 3.790860
 0.004724 0.020757 0.025546
 0.017186 0.025664 0.030382
v= 0.026007
0.000000, 1.895430, 3.790860
 0.004724 0.007457 0.011571
 0.017186 0.007598 0.011622
v= 0.010530
dequeued node 1878, type BUFF
0.000000, 1.895430, 3.790860
 0.004724 0.020757 0.025546
 0.017186 0.025664 0.030382
v= 0.026007
0.000000, 1.895430, 3.790860
 0.004724 0.007457 0.011571
 0.017186 0.007598 0.011622
v= 0.010530
dequeued node 1560, type NOT
0.000000, 0.365616, 1.897810
 0.004724 0.007266 0.011031
 0.017186 0.011759 0.017202
v= 0.013007
0.000000, 0.365616, 1.897810
 0.004724 0.003321 0.006755
 0.017186 0.006463 0.009176
v= 0.007273
dequeued node 1053, type BUFF
0.000000, 1.895430, 3.790860
 0.004724 0.020757 0.025546
 0.017186 0.025664 0.030382
v= 0.026007
0.000000, 1.895430, 3.790860
 0.004724 0.007457 0.011571
 0.017186 0.007598 0.011622
v= 0.010530
dequeued node 1817, type BUFF
0.000000, 1.895430, 3.790860
 0.004724 0.020757 0.025546
 0.017186 0.025664 0.030382
v= 0.026007
0.000000, 1.895430, 3.790860
 0.004724 0.007457 0.011571
 0.017186 0.007598 0.011622
v= 0.010530
dequeued node 1857, type BUFF
0.000000, 1.895430, 3.790860
 0.004724 0.020757 0.025546
 0.017186 0.025664 0.030382
v= 0.026007
0.000000, 1.895430, 3.790860
 0.004724 0.007457 0.011571
 0.017186 0.007598 0.011622
v= 0.010530
dequeued node 1568, type NOT
0.000000, 0.365616, 1.897810
 0.004724 0.007266 0.011031
 0.017186 0.011759 0.017202
v= 0.013007
0.000000, 0.365616, 1.897810
 0.004724 0.003321 0.006755
 0.017186 0.006463 0.009176
v= 0.007273
dequeued node 321, type BUFF
0.000000, 1.895430, 3.790860
 0.004724 0.020757 0.025546
 0.017186 0.025664 0.030382
v= 0.023490
0.000000, 1.895430, 3.790860
 0.004724 0.007457 0.011571
 0.017186 0.007598 0.011622
v= 0.007647
dequeued node 1176, type BUFF
0.000000, 1.895430, 3.790860
 0.004724 0.020757 0.025546
 0.017186 0.025664 0.030382
v= 0.026874
0.000000, 1.895430, 3.790860
 0.004724 0.007457 0.011571
 0.017186 0.007598 0.011622
v= 0.010543
dequeued node 1841, type BUFF
0.000000, 1.895430, 3.790860
 0.004724 0.020757 0.025546
 0.017186 0.025664 0.030382
v= 0.026874
0.000000, 1.895430, 3.790860
 0.004724 0.007457 0.011571
 0.017186 0.007598 0.011622
v= 0.010543
dequeued node 1849, type BUFF
0.000000, 1.895430, 3.790860
 0.004724 0.020757 0.025546
 0.017186 0.025664 0.030382
v= 0.026874
0.000000, 1.895430, 3.790860
 0.004724 0.007457 0.011571
 0.017186 0.007598 0.011622
v= 0.010543
dequeued node 1576, type NOT
0.000000, 0.365616, 1.897810
 0.004724 0.007266 0.011031
 0.017186 0.011759 0.017202
v= 0.013007
0.000000, 0.365616, 1.897810
 0.004724 0.003321 0.006755
 0.017186 0.006463 0.009176
v= 0.007273
dequeued node 299, type BUFF
0.000000, 1.895430, 3.790860
 0.004724 0.020757 0.025546
 0.017186 0.025664 0.030382
v= 0.022614
0.000000, 1.895430, 3.790860
 0.004724 0.007457 0.011571
 0.017186 0.007598 0.011622
v= 0.007622
dequeued node 1870, type BUFF
0.000000, 1.895430, 3.790860
 0.004724 0.020757 0.025546
 0.017186 0.025664 0.030382
v= 0.026007
0.000000, 1.895430, 3.790860
 0.004724 0.007457 0.011571
 0.017186 0.007598 0.011622
v= 0.010530
dequeued node 1881, type BUFF
0.000000, 1.895430, 3.790860
 0.004724 0.020757 0.025546
 0.017186 0.025664 0.030382
v= 0.026007
0.000000, 1.895430, 3.790860
 0.004724 0.007457 0.011571
 0.017186 0.007598 0.011622
v= 0.010530
dequeued node 1584, type NOT
0.000000, 0.365616, 1.897810
 0.004724 0.007266 0.011031
 0.017186 0.011759 0.017202
v= 0.013007
0.000000, 0.365616, 1.897810
 0.004724 0.003321 0.006755
 0.017186 0.006463 0.009176
v= 0.007273
dequeued node 327, type BUFF
0.000000, 1.895430, 3.790860
 0.004724 0.020757 0.025546
 0.017186 0.025664 0.030382
v= 0.021739
0.000000, 1.895430, 3.790860
 0.004724 0.007457 0.011571
 0.017186 0.007598 0.011622
v= 0.007598
dequeued node 1244, type BUFF
0.000000, 1.895430, 3.790860
 0.004724 0.020757 0.025546
 0.017186 0.025664 0.030382
v= 0.025141
0.000000, 1.895430, 3.790860
 0.004724 0.007457 0.011571
 0.017186 0.007598 0.011622
v= 0.010517
dequeued node 1592, type NOT
0.000000, 0.365616, 1.897810
 0.004724 0.007266 0.011031
 0.017186 0.011759 0.017202
v= 0.013007
0.000000, 0.365616, 1.897810
 0.004724 0.003321 0.006755
 0.017186 0.006463 0.009176
v= 0.007273
dequeued node 330, type BUFF
0.000000, 1.895430, 3.790860
 0.004724 0.020757 0.025546
 0.017186 0.025664 0.030382
v= 0.021739
0.000000, 1.895430, 3.790860
 0.004724 0.007457 0.011571
 0.017186 0.007598 0.011622
v= 0.007598
dequeued node 1300, type BUFF
0.000000, 1.895430, 3.790860
 0.004724 0.020757 0.025546
 0.017186 0.025664 0.030382
v= 0.025141
0.000000, 1.895430, 3.790860
 0.004724 0.007457 0.011571
 0.017186 0.007598 0.011622
v= 0.010517
dequeued node 1600, type NOT
0.000000, 0.365616, 1.897810
 0.004724 0.007266 0.011031
 0.017186 0.011759 0.017202
v= 0.013007
0.000000, 0.365616, 1.897810
 0.004724 0.003321 0.006755
 0.017186 0.006463 0.009176
v= 0.007273
dequeued node 1332, type BUFF
0.000000, 1.895430, 3.790860
 0.004724 0.020757 0.025546
 0.017186 0.025664 0.030382
v= 0.026007
0.000000, 1.895430, 3.790860
 0.004724 0.007457 0.011571
 0.017186 0.007598 0.011622
v= 0.010530
dequeued node 1745, type BUFF
0.000000, 1.895430, 3.790860
 0.004724 0.020757 0.025546
 0.017186 0.025664 0.030382
v= 0.026007
0.000000, 1.895430, 3.790860
 0.004724 0.007457 0.011571
 0.017186 0.007598 0.011622
v= 0.010530
dequeued node 1753, type BUFF
0.000000, 1.895430, 3.790860
 0.004724 0.020757 0.025546
 0.017186 0.025664 0.030382
v= 0.026007
0.000000, 1.895430, 3.790860
 0.004724 0.007457 0.011571
 0.017186 0.007598 0.011622
v= 0.010530
dequeued node 1608, type NOT
0.000000, 0.365616, 1.897810
 0.004724 0.007266 0.011031
 0.017186 0.011759 0.017202
v= 0.013007
0.000000, 0.365616, 1.897810
 0.004724 0.003321 0.006755
 0.017186 0.006463 0.009176
v= 0.007273
dequeued node 355, type BUFF
0.000000, 1.895430, 3.790860
 0.004724 0.020757 0.025546
 0.017186 0.025664 0.030382
v= 0.022614
0.000000, 1.895430, 3.790860
 0.004724 0.007457 0.011571
 0.017186 0.007598 0.011622
v= 0.007622
dequeued node 385, type BUFF
0.000000, 1.895430, 3.790860
 0.004724 0.020757 0.025546
 0.017186 0.025664 0.030382
v= 0.022614
0.000000, 1.895430, 3.790860
 0.004724 0.007457 0.011571
 0.017186 0.007598 0.011622
v= 0.007622
dequeued node 1179, type BUFF
0.000000, 1.895430, 3.790860
 0.004724 0.020757 0.025546
 0.017186 0.025664 0.030382
v= 0.026007
0.000000, 1.895430, 3.790860
 0.004724 0.007457 0.011571
 0.017186 0.007598 0.011622
v= 0.010530
dequeued node 1616, type NOT
0.000000, 0.365616, 1.897810
 0.004724 0.007266 0.011031
 0.017186 0.011759 0.017202
v= 0.013007
0.000000, 0.365616, 1.897810
 0.004724 0.003321 0.006755
 0.017186 0.006463 0.009176
v= 0.007273
dequeued node 302, type BUFF
0.000000, 1.895430, 3.790860
 0.004724 0.020757 0.025546
 0.017186 0.025664 0.030382
v= 0.022614
0.000000, 1.895430, 3.790860
 0.004724 0.007457 0.011571
 0.017186 0.007598 0.011622
v= 0.007622
dequeued node 1833, type BUFF
0.000000, 1.895430, 3.790860
 0.004724 0.020757 0.025546
 0.017186 0.025664 0.030382
v= 0.026007
0.000000, 1.895430, 3.790860
 0.004724 0.007457 0.011571
 0.017186 0.007598 0.011622
v= 0.010530
dequeued node 1873, type BUFF
0.000000, 1.895430, 3.790860
 0.004724 0.020757 0.025546
 0.017186 0.025664 0.030382
v= 0.026007
0.000000, 1.895430, 3.790860
 0.004724 0.007457 0.011571
 0.017186 0.007598 0.011622
v= 0.010530
dequeued node 1624, type NOT
0.000000, 0.365616, 1.897810
 0.004724 0.007266 0.011031
 0.017186 0.011759 0.017202
v= 0.013007
0.000000, 0.365616, 1.897810
 0.004724 0.003321 0.006755
 0.017186 0.006463 0.009176
v= 0.007273
dequeued node 382, type BUFF
0.000000, 1.895430, 3.790860
 0.004724 0.020757 0.025546
 0.017186 0.025664 0.030382
v= 0.022614
0.000000, 1.895430, 3.790860
 0.004724 0.007457 0.011571
 0.017186 0.007598 0.011622
v= 0.007622
dequeued node 1713, type BUFF
0.000000, 1.895430, 3.790860
 0.004724 0.020757 0.025546
 0.017186 0.025664 0.030382
v= 0.026007
0.000000, 1.895430, 3.790860
 0.004724 0.007457 0.011571
 0.017186 0.007598 0.011622
v= 0.010530
dequeued node 1721, type BUFF
0.000000, 1.895430, 3.790860
 0.004724 0.020757 0.025546
 0.017186 0.025664 0.030382
v= 0.026007
0.000000, 1.895430, 3.790860
 0.004724 0.007457 0.011571
 0.017186 0.007598 0.011622
v= 0.010530
dequeued node 1632, type NOT
0.000000, 0.365616, 1.897810
 0.004724 0.007266 0.011031
 0.017186 0.011759 0.017202
v= 0.013007
0.000000, 0.365616, 1.897810
 0.004724 0.003321 0.006755
 0.017186 0.006463 0.009176
v= 0.007273
dequeued node 893, type NAND
0.000000, 3.709790, 7.419590
 0.004724 0.017300 0.026357
 0.017186 0.023639 0.032510
v= 0.024978
0.000000, 3.709790, 7.419590
 0.001174 0.015767 0.024756
 0.004724 0.017300 0.026357
v= 0.020992
0.000000, 3.709790, 7.419590
 0.004724 0.012381 0.020845
 0.017186 0.013018 0.020850
v= 0.017088
dequeued node 1442, type BUFF
0.000000, 1.895430, 3.790860
 0.004724 0.020757 0.025546
 0.017186 0.025664 0.030382
v= 0.025141
0.000000, 1.895430, 3.790860
 0.004724 0.007457 0.011571
 0.017186 0.007598 0.011622
v= 0.010517
dequeued node 1450, type BUFF
0.000000, 1.895430, 3.790860
 0.004724 0.020757 0.025546
 0.017186 0.025664 0.030382
v= 0.025141
0.000000, 1.895430, 3.790860
 0.004724 0.007457 0.011571
 0.017186 0.007598 0.011622
v= 0.010517
dequeued node 1458, type BUFF
0.000000, 1.895430, 3.790860
 0.004724 0.020757 0.025546
 0.017186 0.025664 0.030382
v= 0.025141
0.000000, 1.895430, 3.790860
 0.004724 0.007457 0.011571
 0.017186 0.007598 0.011622
v= 0.010517
dequeued node 1466, type BUFF
0.000000, 1.895430, 3.790860
 0.004724 0.020757 0.025546
 0.017186 0.025664 0.030382
v= 0.025141
0.000000, 1.895430, 3.790860
 0.004724 0.007457 0.011571
 0.017186 0.007598 0.011622
v= 0.010517
dequeued node 1474, type BUFF
0.000000, 1.895430, 3.790860
 0.004724 0.020757 0.025546
 0.017186 0.025664 0.030382
v= 0.025141
0.000000, 1.895430, 3.790860
 0.004724 0.007457 0.011571
 0.017186 0.007598 0.011622
v= 0.010517
dequeued node 1482, type BUFF
0.000000, 1.895430, 3.790860
 0.004724 0.020757 0.025546
 0.017186 0.025664 0.030382
v= 0.025141
0.000000, 1.895430, 3.790860
 0.004724 0.007457 0.011571
 0.017186 0.007598 0.011622
v= 0.010517
dequeued node 1490, type BUFF
0.000000, 1.895430, 3.790860
 0.004724 0.020757 0.025546
 0.017186 0.025664 0.030382
v= 0.025141
0.000000, 1.895430, 3.790860
 0.004724 0.007457 0.011571
 0.017186 0.007598 0.011622
v= 0.010517
dequeued node 1498, type BUFF
0.000000, 1.895430, 3.790860
 0.004724 0.020757 0.025546
 0.017186 0.025664 0.030382
v= 0.025141
0.000000, 1.895430, 3.790860
 0.004724 0.007457 0.011571
 0.017186 0.007598 0.011622
v= 0.010517
dequeued node 954, type NAND
0.000000, 3.709790, 7.419590
 0.004724 0.017300 0.026357
 0.017186 0.023639 0.032510
v= 0.021110
0.000000, 3.709790, 7.419590
 0.004724 0.017300 0.026357
 0.017186 0.023639 0.032510
v= 0.020826
0.000000, 3.709790, 7.419590
 0.004724 0.012381 0.020845
 0.017186 0.013018 0.020850
v= 0.013562
dequeued node 955, type NAND
0.000000, 3.709790, 7.419590
 0.004724 0.017300 0.026357
 0.017186 0.023639 0.032510
v= 0.018977
0.000000, 3.709790, 7.419590
 0.004724 0.017300 0.026357
 0.017186 0.023639 0.032510
v= 0.020826
0.000000, 3.709790, 7.419590
 0.004724 0.012381 0.020845
 0.017186 0.013018 0.020850
v= 0.013536
dequeued node 1634, type AND
0.000000, 1.893040, 3.786090
 0.004724 0.029133 0.034403
 0.017186 0.034149 0.039381
v= 0.033563
0.000000, 1.893040, 3.786090
 0.004724 0.029133 0.034403
 0.017186 0.034149 0.039381
v= 0.034092
0.000000, 1.893040, 3.786090
 0.004724 0.008919 0.012819
 0.017186 0.008949 0.012846
v= 0.011822
dequeued node 1644, type AND
0.000000, 1.893040, 3.786090
 0.004724 0.029133 0.034403
 0.017186 0.034149 0.039381
v= 0.033563
0.000000, 1.893040, 3.786090
 0.004724 0.029133 0.034403
 0.017186 0.034149 0.039381
v= 0.034092
0.000000, 1.893040, 3.786090
 0.004724 0.008919 0.012819
 0.017186 0.008949 0.012846
v= 0.011822
dequeued node 318, type AND
0.000000, 1.893040, 3.786090
 0.001174 0.027883 0.033154
 0.004724 0.029133 0.034403
v= 0.028331
0.000000, 1.893040, 3.786090
 0.004724 0.029133 0.034403
 0.017186 0.034149 0.039381
v= 0.033424
0.000000, 1.893040, 3.786090
 0.004724 0.008919 0.012819
 0.017186 0.008949 0.012846
v= 0.009059
dequeued node 352, type AND
0.000000, 1.893040, 3.786090
 0.001174 0.027883 0.033154
 0.004724 0.029133 0.034403
v= 0.028331
0.000000, 1.893040, 3.786090
 0.004724 0.029133 0.034403
 0.017186 0.034149 0.039381
v= 0.033424
0.000000, 1.893040, 3.786090
 0.004724 0.008919 0.012819
 0.017186 0.008949 0.012846
v= 0.009059
dequeued node 369, type AND
0.000000, 1.893040, 3.786090
 0.001174 0.027883 0.033154
 0.004724 0.029133 0.034403
v= 0.028331
0.000000, 1.893040, 3.786090
 0.004724 0.029133 0.034403
 0.017186 0.034149 0.039381
v= 0.030051
0.000000, 1.893040, 3.786090
 0.004724 0.029133 0.034403
 0.017186 0.034149 0.039381
v= 0.033424
0.000000, 1.893040, 3.786090
 0.004724 0.008919 0.012819
 0.017186 0.008949 0.012846
v= 0.009059
dequeued node 1290, type AND
0.000000, 1.893040, 3.786090
 0.001174 0.027883 0.033154
 0.004724 0.029133 0.034403
v= 0.032089
0.000000, 1.893040, 3.786090
 0.004724 0.029133 0.034403
 0.017186 0.034149 0.039381
v= 0.034092
0.000000, 1.893040, 3.786090
 0.004724 0.029133 0.034403
 0.017186 0.034149 0.039381
v= 0.037160
0.000000, 1.893040, 3.786090
 0.004724 0.008919 0.012819
 0.017186 0.008949 0.012846
v= 0.011839
dequeued node 1335, type AND
0.000000, 1.893040, 3.786090
 0.001174 0.027883 0.033154
 0.004724 0.029133 0.034403
v= 0.032089
0.000000, 1.893040, 3.786090
 0.004724 0.029133 0.034403
 0.017186 0.034149 0.039381
v= 0.034092
0.000000, 1.893040, 3.786090
 0.004724 0.029133 0.034403
 0.017186 0.034149 0.039381
v= 0.037160
0.000000, 1.893040, 3.786090
 0.004724 0.008919 0.012819
 0.017186 0.008949 0.012846
v= 0.011839
dequeued node 1830, type AND
0.000000, 1.893040, 3.786090
 0.001174 0.027883 0.033154
 0.004724 0.029133 0.034403
v= 0.032089
0.000000, 1.893040, 3.786090
 0.004724 0.029133 0.034403
 0.017186 0.034149 0.039381
v= 0.033804
0.000000, 1.893040, 3.786090
 0.004724 0.029133 0.034403
 0.017186 0.034149 0.039381
v= 0.037160
0.000000, 1.893040, 3.786090
 0.004724 0.008919 0.012819
 0.017186 0.008949 0.012846
v= 0.011839
dequeued node 853, type NAND
0.000000, 0.365616, 1.854900
 0.017186 0.014183 0.018954
 0.040984 0.019867 0.026671
v= 0.016019
0.000000, 0.365616, 1.854900
 0.004724 0.008963 0.012708
 0.017186 0.014183 0.018954
v= 0.012598
0.000000, 0.365616, 1.854900
 0.017186 0.007798 0.009978
 0.040984 0.012263 0.015676
v= 0.008657
dequeued node 856, type NAND
0.000000, 0.365616, 1.854900
 0.017186 0.014183 0.018954
 0.040984 0.019867 0.026671
v= 0.016019
0.000000, 0.365616, 1.854900
 0.004724 0.008963 0.012708
 0.017186 0.014183 0.018954
v= 0.012598
0.000000, 0.365616, 1.854900
 0.017186 0.007798 0.009978
 0.040984 0.012263 0.015676
v= 0.008657
dequeued node 50, type NAND
0.000000, 0.365616, 1.854900
 0.017186 0.014183 0.018954
 0.040984 0.019867 0.026671
v= 0.017884
0.000000, 0.365616, 1.854900
 0.017186 0.014183 0.018954
 0.040984 0.019867 0.026671
v= 0.017981
0.000000, 0.365616, 1.854900
 0.017186 0.007798 0.009978
 0.040984 0.012263 0.015676
v= 0.010157
dequeued node 52, type NAND
0.000000, 0.365616, 1.854900
 0.017186 0.014183 0.018954
 0.040984 0.019867 0.026671
v= 0.017884
0.000000, 0.365616, 1.854900
 0.017186 0.014183 0.018954
 0.040984 0.019867 0.026671
v= 0.017981
0.000000, 0.365616, 1.854900
 0.017186 0.007798 0.009978
 0.040984 0.012263 0.015676
v= 0.010157
dequeued node 56, type NAND
0.000000, 0.365616, 1.854900
 0.017186 0.014183 0.018954
 0.040984 0.019867 0.026671
v= 0.017884
0.000000, 0.365616, 1.854900
 0.017186 0.014183 0.018954
 0.040984 0.019867 0.026671
v= 0.017981
0.000000, 0.365616, 1.854900
 0.017186 0.007798 0.009978
 0.040984 0.012263 0.015676
v= 0.010157
dequeued node 58, type NAND
0.000000, 0.365616, 1.854900
 0.017186 0.014183 0.018954
 0.040984 0.019867 0.026671
v= 0.017884
0.000000, 0.365616, 1.854900
 0.017186 0.014183 0.018954
 0.040984 0.019867 0.026671
v= 0.017981
0.000000, 0.365616, 1.854900
 0.017186 0.007798 0.009978
 0.040984 0.012263 0.015676
v= 0.010157
dequeued node 62, type NAND
0.000000, 0.365616, 1.854900
 0.017186 0.014183 0.018954
 0.040984 0.019867 0.026671
v= 0.017884
0.000000, 0.365616, 1.854900
 0.017186 0.014183 0.018954
 0.040984 0.019867 0.026671
v= 0.017981
0.000000, 0.365616, 1.854900
 0.017186 0.007798 0.009978
 0.040984 0.012263 0.015676
v= 0.010157
dequeued node 64, type NAND
0.000000, 0.365616, 1.854900
 0.017186 0.014183 0.018954
 0.040984 0.019867 0.026671
v= 0.017884
0.000000, 0.365616, 1.854900
 0.017186 0.014183 0.018954
 0.040984 0.019867 0.026671
v= 0.017981
0.000000, 0.365616, 1.854900
 0.017186 0.007798 0.009978
 0.040984 0.012263 0.015676
v= 0.010157
dequeued node 980, type BUFF
0.000000, 1.895430, 3.790860
 0.004724 0.020757 0.025546
 0.017186 0.025664 0.030382
v= 0.025433
0.000000, 1.895430, 3.790860
 0.004724 0.007457 0.011571
 0.017186 0.007598 0.011622
v= 0.010521
dequeued node 990, type BUFF
0.000000, 1.895430, 3.790860
 0.004724 0.020757 0.025546
 0.017186 0.025664 0.030382
v= 0.025433
0.000000, 1.895430, 3.790860
 0.004724 0.007457 0.011571
 0.017186 0.007598 0.011622
v= 0.010521
dequeued node 1201, type NOT
0.000000, 0.365616, 1.897810
 0.004724 0.007266 0.011031
 0.017186 0.011759 0.017202
v= 0.013020
0.000000, 0.365616, 1.897810
 0.004724 0.003321 0.006755
 0.017186 0.006463 0.009176
v= 0.007279
dequeued node 1211, type NOT
0.000000, 0.365616, 1.897810
 0.004724 0.007266 0.011031
 0.017186 0.011759 0.017202
v= 0.013020
0.000000, 0.365616, 1.897810
 0.004724 0.003321 0.006755
 0.017186 0.006463 0.009176
v= 0.007279
dequeued node 1654, type BUFF
0.000000, 1.895430, 3.790860
 0.004724 0.020757 0.025546
 0.017186 0.025664 0.030382
v= 0.025424
0.000000, 1.895430, 3.790860
 0.004724 0.007457 0.011571
 0.017186 0.007598 0.011622
v= 0.010521
dequeued node 1662, type BUFF
0.000000, 1.895430, 3.790860
 0.004724 0.020757 0.025546
 0.017186 0.025664 0.030382
v= 0.025424
0.000000, 1.895430, 3.790860
 0.004724 0.007457 0.011571
 0.017186 0.007598 0.011622
v= 0.010521
dequeued node 1230, type NOT
0.000000, 0.365616, 1.897810
 0.004724 0.007266 0.011031
 0.017186 0.011759 0.017202
v= 0.013014
0.000000, 0.365616, 1.897810
 0.004724 0.003321 0.006755
 0.017186 0.006463 0.009176
v= 0.007276
dequeued node 1286, type NOT
0.000000, 0.365616, 1.897810
 0.004724 0.007266 0.011031
 0.017186 0.011759 0.017202
v= 0.013020
0.000000, 0.365616, 1.897810
 0.004724 0.003321 0.006755
 0.017186 0.006463 0.009176
v= 0.007279
dequeued node 1661, type NOT
0.000000, 0.365616, 1.897810
 0.004724 0.007266 0.011031
 0.017186 0.011759 0.017202
v= 0.013020
0.000000, 0.365616, 1.897810
 0.004724 0.003321 0.006755
 0.017186 0.006463 0.009176
v= 0.007279
dequeued node 1669, type NOT
0.000000, 0.365616, 1.897810
 0.004724 0.007266 0.011031
 0.017186 0.011759 0.017202
v= 0.013020
0.000000, 0.365616, 1.897810
 0.004724 0.003321 0.006755
 0.017186 0.006463 0.009176
v= 0.007279
dequeued node 1056, type NOT
0.000000, 0.365616, 1.897810
 0.004724 0.007266 0.011031
 0.017186 0.011759 0.017202
v= 0.013026
0.000000, 0.365616, 1.897810
 0.004724 0.003321 0.006755
 0.017186 0.006463 0.009176
v= 0.007282
dequeued node 1320, type NOT
0.000000, 0.365616, 1.897810
 0.004724 0.007266 0.011031
 0.017186 0.011759 0.017202
v= 0.013026
0.000000, 0.365616, 1.897810
 0.004724 0.003321 0.006755
 0.017186 0.006463 0.009176
v= 0.007282
dequeued node 1789, type NOT
0.000000, 0.365616, 1.897810
 0.004724 0.007266 0.011031
 0.017186 0.011759 0.017202
v= 0.013026
0.000000, 0.365616, 1.897810
 0.004724 0.003321 0.006755
 0.017186 0.006463 0.009176
v= 0.007282
dequeued node 1797, type NOT
0.000000, 0.365616, 1.897810
 0.004724 0.007266 0.011031
 0.017186 0.011759 0.017202
v= 0.013026
0.000000, 0.365616, 1.897810
 0.004724 0.003321 0.006755
 0.017186 0.006463 0.009176
v= 0.007282
dequeued node 1030, type BUFF
0.000000, 1.895430, 3.790860
 0.004724 0.020757 0.025546
 0.017186 0.025664 0.030382
v= 0.025424
0.000000, 1.895430, 3.790860
 0.004724 0.007457 0.011571
 0.017186 0.007598 0.011622
v= 0.010521
dequeued node 1040, type BUFF
0.000000, 1.895430, 3.790860
 0.004724 0.020757 0.025546
 0.017186 0.025664 0.030382
v= 0.025424
0.000000, 1.895430, 3.790860
 0.004724 0.007457 0.011571
 0.017186 0.007598 0.011622
v= 0.010521
dequeued node 1820, type NOT
0.000000, 0.365616, 1.897810
 0.004724 0.007266 0.011031
 0.017186 0.011759 0.017202
v= 0.013014
0.000000, 0.365616, 1.897810
 0.004724 0.003321 0.006755
 0.017186 0.006463 0.009176
v= 0.007276
dequeued node 1694, type BUFF
0.000000, 1.895430, 3.790860
 0.004724 0.020757 0.025546
 0.017186 0.025664 0.030382
v= 0.025424
0.000000, 1.895430, 3.790860
 0.004724 0.007457 0.011571
 0.017186 0.007598 0.011622
v= 0.010521
dequeued node 1702, type BUFF
0.000000, 1.895430, 3.790860
 0.004724 0.020757 0.025546
 0.017186 0.025664 0.030382
v= 0.025424
0.000000, 1.895430, 3.790860
 0.004724 0.007457 0.011571
 0.017186 0.007598 0.011622
v= 0.010521
dequeued node 1860, type NOT
0.000000, 0.365616, 1.897810
 0.004724 0.007266 0.011031
 0.017186 0.011759 0.017202
v= 0.013014
0.000000, 0.365616, 1.897810
 0.004724 0.003321 0.006755
 0.017186 0.006463 0.009176
v= 0.007276
dequeued node 1701, type NOT
0.000000, 0.365616, 1.897810
 0.004724 0.007266 0.011031
 0.017186 0.011759 0.017202
v= 0.013020
0.000000, 0.365616, 1.897810
 0.004724 0.003321 0.006755
 0.017186 0.006463 0.009176
v= 0.007279
dequeued node 1709, type NOT
0.000000, 0.365616, 1.897810
 0.004724 0.007266 0.011031
 0.017186 0.011759 0.017202
v= 0.013020
0.000000, 0.365616, 1.897810
 0.004724 0.003321 0.006755
 0.017186 0.006463 0.009176
v= 0.007279
dequeued node 1884, type NOT
0.000000, 0.365616, 1.897810
 0.004724 0.007266 0.011031
 0.017186 0.011759 0.017202
v= 0.013020
0.000000, 0.365616, 1.897810
 0.004724 0.003321 0.006755
 0.017186 0.006463 0.009176
v= 0.007279
dequeued node 1057, type NOT
0.000000, 0.365616, 1.897810
 0.004724 0.007266 0.011031
 0.017186 0.011759 0.017202
v= 0.013020
0.000000, 0.365616, 1.897810
 0.004724 0.003321 0.006755
 0.017186 0.006463 0.009176
v= 0.007279
dequeued node 1821, type NOT
0.000000, 0.365616, 1.897810
 0.004724 0.007266 0.011031
 0.017186 0.011759 0.017202
v= 0.013020
0.000000, 0.365616, 1.897810
 0.004724 0.003321 0.006755
 0.017186 0.006463 0.009176
v= 0.007279
dequeued node 1861, type NOT
0.000000, 0.365616, 1.897810
 0.004724 0.007266 0.011031
 0.017186 0.011759 0.017202
v= 0.013020
0.000000, 0.365616, 1.897810
 0.004724 0.003321 0.006755
 0.017186 0.006463 0.009176
v= 0.007279
dequeued node 1726, type BUFF
0.000000, 1.895430, 3.790860
 0.004724 0.020757 0.025546
 0.017186 0.025664 0.030382
v= 0.025443
0.000000, 1.895430, 3.790860
 0.004724 0.007457 0.011571
 0.017186 0.007598 0.011622
v= 0.010521
dequeued node 1734, type BUFF
0.000000, 1.895430, 3.790860
 0.004724 0.020757 0.025546
 0.017186 0.025664 0.030382
v= 0.025443
0.000000, 1.895430, 3.790860
 0.004724 0.007457 0.011571
 0.017186 0.007598 0.011622
v= 0.010521
dequeued node 1182, type NOT
0.000000, 0.365616, 1.897810
 0.004724 0.007266 0.011031
 0.017186 0.011759 0.017202
v= 0.013026
0.000000, 0.365616, 1.897810
 0.004724 0.003321 0.006755
 0.017186 0.006463 0.009176
v= 0.007282
dequeued node 1845, type NOT
0.000000, 0.365616, 1.897810
 0.004724 0.007266 0.011031
 0.017186 0.011759 0.017202
v= 0.013026
0.000000, 0.365616, 1.897810
 0.004724 0.003321 0.006755
 0.017186 0.006463 0.009176
v= 0.007282
dequeued node 1853, type NOT
0.000000, 0.365616, 1.897810
 0.004724 0.007266 0.011031
 0.017186 0.011759 0.017202
v= 0.013026
0.000000, 0.365616, 1.897810
 0.004724 0.003321 0.006755
 0.017186 0.006463 0.009176
v= 0.007282
dequeued node 1058, type BUFF
0.000000, 1.895430, 3.790860
 0.004724 0.020757 0.025546
 0.017186 0.025664 0.030382
v= 0.025433
0.000000, 1.895430, 3.790860
 0.004724 0.007457 0.011571
 0.017186 0.007598 0.011622
v= 0.010521
dequeued node 1068, type BUFF
0.000000, 1.895430, 3.790860
 0.004724 0.020757 0.025546
 0.017186 0.025664 0.030382
v= 0.025433
0.000000, 1.895430, 3.790860
 0.004724 0.007457 0.011571
 0.017186 0.007598 0.011622
v= 0.010521
dequeued node 1876, type NOT
0.000000, 0.365616, 1.897810
 0.004724 0.007266 0.011031
 0.017186 0.011759 0.017202
v= 0.013020
0.000000, 0.365616, 1.897810
 0.004724 0.003321 0.006755
 0.017186 0.006463 0.009176
v= 0.007279
dequeued node 1885, type NOT
0.000000, 0.365616, 1.897810
 0.004724 0.007266 0.011031
 0.017186 0.011759 0.017202
v= 0.013020
0.000000, 0.365616, 1.897810
 0.004724 0.003321 0.006755
 0.017186 0.006463 0.009176
v= 0.007279
dequeued node 1100, type BUFF
0.000000, 1.895430, 3.790860
 0.004724 0.020757 0.025546
 0.017186 0.025664 0.030382
v= 0.025424
0.000000, 1.895430, 3.790860
 0.004724 0.007457 0.011571
 0.017186 0.007598 0.011622
v= 0.010521
dequeued node 1112, type BUFF
0.000000, 1.895430, 3.790860
 0.004724 0.020757 0.025546
 0.017186 0.025664 0.030382
v= 0.025424
0.000000, 1.895430, 3.790860
 0.004724 0.007457 0.011571
 0.017186 0.007598 0.011622
v= 0.010521
dequeued node 1252, type NOT
0.000000, 0.365616, 1.897810
 0.004724 0.007266 0.011031
 0.017186 0.011759 0.017202
v= 0.013014
0.000000, 0.365616, 1.897810
 0.004724 0.003321 0.006755
 0.017186 0.006463 0.009176
v= 0.007276
dequeued node 1742, type BUFF
0.000000, 1.895430, 3.790860
 0.004724 0.020757 0.025546
 0.017186 0.025664 0.030382
v= 0.025424
0.000000, 1.895430, 3.790860
 0.004724 0.007457 0.011571
 0.017186 0.007598 0.011622
v= 0.010521
dequeued node 1750, type BUFF
0.000000, 1.895430, 3.790860
 0.004724 0.020757 0.025546
 0.017186 0.025664 0.030382
v= 0.025424
0.000000, 1.895430, 3.790860
 0.004724 0.007457 0.011571
 0.017186 0.007598 0.011622
v= 0.010521
dequeued node 1308, type NOT
0.000000, 0.365616, 1.897810
 0.004724 0.007266 0.011031
 0.017186 0.011759 0.017202
v= 0.013014
0.000000, 0.365616, 1.897810
 0.004724 0.003321 0.006755
 0.017186 0.006463 0.009176
v= 0.007276
dequeued node 1338, type NOT
0.000000, 0.365616, 1.897810
 0.004724 0.007266 0.011031
 0.017186 0.011759 0.017202
v= 0.013020
0.000000, 0.365616, 1.897810
 0.004724 0.003321 0.006755
 0.017186 0.006463 0.009176
v= 0.007279
dequeued node 1749, type NOT
0.000000, 0.365616, 1.897810
 0.004724 0.007266 0.011031
 0.017186 0.011759 0.017202
v= 0.013020
0.000000, 0.365616, 1.897810
 0.004724 0.003321 0.006755
 0.017186 0.006463 0.009176
v= 0.007279
dequeued node 1757, type NOT
0.000000, 0.365616, 1.897810
 0.004724 0.007266 0.011031
 0.017186 0.011759 0.017202
v= 0.013020
0.000000, 0.365616, 1.897810
 0.004724 0.003321 0.006755
 0.017186 0.006463 0.009176
v= 0.007279
dequeued node 1782, type BUFF
0.000000, 1.895430, 3.790860
 0.004724 0.020757 0.025546
 0.017186 0.025664 0.030382
v= 0.025433
0.000000, 1.895430, 3.790860
 0.004724 0.007457 0.011571
 0.017186 0.007598 0.011622
v= 0.010521
dequeued node 1790, type BUFF
0.000000, 1.895430, 3.790860
 0.004724 0.020757 0.025546
 0.017186 0.025664 0.030382
v= 0.025433
0.000000, 1.895430, 3.790860
 0.004724 0.007457 0.011571
 0.017186 0.007598 0.011622
v= 0.010521
dequeued node 1838, type BUFF
0.000000, 1.895430, 3.790860
 0.004724 0.020757 0.025546
 0.017186 0.025664 0.030382
v= 0.025433
0.000000, 1.895430, 3.790860
 0.004724 0.007457 0.011571
 0.017186 0.007598 0.011622
v= 0.010521
dequeued node 1846, type BUFF
0.000000, 1.895430, 3.790860
 0.004724 0.020757 0.025546
 0.017186 0.025664 0.030382
v= 0.025433
0.000000, 1.895430, 3.790860
 0.004724 0.007457 0.011571
 0.017186 0.007598 0.011622
v= 0.010521
dequeued node 1183, type NOT
0.000000, 0.365616, 1.897810
 0.004724 0.007266 0.011031
 0.017186 0.011759 0.017202
v= 0.013020
0.000000, 0.365616, 1.897810
 0.004724 0.003321 0.006755
 0.017186 0.006463 0.009176
v= 0.007279
dequeued node 1710, type BUFF
0.000000, 1.895430, 3.790860
 0.004724 0.020757 0.025546
 0.017186 0.025664 0.030382
v= 0.025433
0.000000, 1.895430, 3.790860
 0.004724 0.007457 0.011571
 0.017186 0.007598 0.011622
v= 0.010521
dequeued node 1718, type BUFF
0.000000, 1.895430, 3.790860
 0.004724 0.020757 0.025546
 0.017186 0.025664 0.030382
v= 0.025433
0.000000, 1.895430, 3.790860
 0.004724 0.007457 0.011571
 0.017186 0.007598 0.011622
v= 0.010521
dequeued node 1837, type NOT
0.000000, 0.365616, 1.897810
 0.004724 0.007266 0.011031
 0.017186 0.011759 0.017202
v= 0.013020
0.000000, 0.365616, 1.897810
 0.004724 0.003321 0.006755
 0.017186 0.006463 0.009176
v= 0.007279
dequeued node 1877, type NOT
0.000000, 0.365616, 1.897810
 0.004724 0.007266 0.011031
 0.017186 0.011759 0.017202
v= 0.013020
0.000000, 0.365616, 1.897810
 0.004724 0.003321 0.006755
 0.017186 0.006463 0.009176
v= 0.007279
dequeued node 1256, type BUFF
0.000000, 1.895430, 3.790860
 0.004724 0.020757 0.025546
 0.017186 0.025664 0.030382
v= 0.025433
0.000000, 1.895430, 3.790860
 0.004724 0.007457 0.011571
 0.017186 0.007598 0.011622
v= 0.010521
dequeued node 1268, type BUFF
0.000000, 1.895430, 3.790860
 0.004724 0.020757 0.025546
 0.017186 0.025664 0.030382
v= 0.025433
0.000000, 1.895430, 3.790860
 0.004724 0.007457 0.011571
 0.017186 0.007598 0.011622
v= 0.010521
dequeued node 1717, type NOT
0.000000, 0.365616, 1.897810
 0.004724 0.007266 0.011031
 0.017186 0.011759 0.017202
v= 0.013020
0.000000, 0.365616, 1.897810
 0.004724 0.003321 0.006755
 0.017186 0.006463 0.009176
v= 0.007279
dequeued node 1725, type NOT
0.000000, 0.365616, 1.897810
 0.004724 0.007266 0.011031
 0.017186 0.011759 0.017202
v= 0.013020
0.000000, 0.365616, 1.897810
 0.004724 0.003321 0.006755
 0.017186 0.006463 0.009176
v= 0.007279
dequeued node 956, type NAND
0.000000, 0.365616, 1.854900
 0.004724 0.008963 0.012708
 0.017186 0.014183 0.018954
v= 0.014499
0.000000, 0.365616, 1.854900
 0.004724 0.008963 0.012708
 0.017186 0.014183 0.018954
v= 0.014772
0.000000, 0.365616, 1.854900
 0.017186 0.014183 0.018954
 0.040984 0.019867 0.026671
v= 0.018210
0.000000, 0.365616, 1.854900
 0.004724 0.008963 0.012708
 0.017186 0.014183 0.018954
v= 0.018086
0.000000, 0.365616, 1.854900
 0.004724 0.004754 0.008147
 0.017186 0.007798 0.009978
v= 0.009587
dequeued node 967, type NAND
0.000000, 0.365616, 1.854900
 0.004724 0.008963 0.012708
 0.017186 0.014183 0.018954
v= 0.014499
0.000000, 0.365616, 1.854900
 0.004724 0.008963 0.012708
 0.017186 0.014183 0.018954
v= 0.014772
0.000000, 0.365616, 1.854900
 0.017186 0.014183 0.018954
 0.040984 0.019867 0.026671
v= 0.018210
0.000000, 0.365616, 1.854900
 0.004724 0.008963 0.012708
 0.017186 0.014183 0.018954
v= 0.018086
0.000000, 0.365616, 1.854900
 0.004724 0.004754 0.008147
 0.017186 0.007798 0.009978
v= 0.009587
dequeued node 978, type NAND
0.000000, 1.854900, 3.709790
 0.004724 0.012708 0.017300
 0.017186 0.018954 0.023639
v= 0.018100
0.000000, 1.854900, 3.709790
 0.004724 0.012708 0.017300
 0.017186 0.018954 0.023639
v= 0.019901
0.000000, 1.854900, 3.709790
 0.004724 0.012708 0.017300
 0.017186 0.018954 0.023639
v= 0.022297
0.000000, 1.854900, 3.709790
 0.004724 0.008147 0.012381
 0.017186 0.009978 0.013018
v= 0.012172
dequeued node 979, type AND
0.000000, 7.572170, 15.144300
 0.004724 0.044052 0.062509
 0.017186 0.048983 0.067411
v= 0.058384
0.000000, 7.572170, 15.144300
 0.004724 0.044052 0.062509
 0.017186 0.048983 0.067411
v= 0.059785
0.000000, 7.572170, 15.144300
 0.004724 0.044052 0.062509
 0.017186 0.048983 0.067411
v= 0.061649
0.000000, 7.572170, 15.144300
 0.004724 0.020891 0.037773
 0.017186 0.020908 0.037770
v= 0.032533
dequeued node 1448, type NOT
0.000000, 0.365616, 1.897810
 0.004724 0.007266 0.011031
 0.017186 0.011759 0.017202
v= 0.013014
0.000000, 0.365616, 1.897810
 0.004724 0.003321 0.006755
 0.017186 0.006463 0.009176
v= 0.007276
dequeued node 1456, type NOT
0.000000, 0.365616, 1.897810
 0.004724 0.007266 0.011031
 0.017186 0.011759 0.017202
v= 0.013014
0.000000, 0.365616, 1.897810
 0.004724 0.003321 0.006755
 0.017186 0.006463 0.009176
v= 0.007276
dequeued node 1464, type NOT
0.000000, 0.365616, 1.897810
 0.004724 0.007266 0.011031
 0.017186 0.011759 0.017202
v= 0.013014
0.000000, 0.365616, 1.897810
 0.004724 0.003321 0.006755
 0.017186 0.006463 0.009176
v= 0.007276
dequeued node 1472, type NOT
0.000000, 0.365616, 1.897810
 0.004724 0.007266 0.011031
 0.017186 0.011759 0.017202
v= 0.013014
0.000000, 0.365616, 1.897810
 0.004724 0.003321 0.006755
 0.017186 0.006463 0.009176
v= 0.007276
dequeued node 1480, type NOT
0.000000, 0.365616, 1.897810
 0.004724 0.007266 0.011031
 0.017186 0.011759 0.017202
v= 0.013014
0.000000, 0.365616, 1.897810
 0.004724 0.003321 0.006755
 0.017186 0.006463 0.009176
v= 0.007276
dequeued node 1488, type NOT
0.000000, 0.365616, 1.897810
 0.004724 0.007266 0.011031
 0.017186 0.011759 0.017202
v= 0.013014
0.000000, 0.365616, 1.897810
 0.004724 0.003321 0.006755
 0.017186 0.006463 0.009176
v= 0.007276
dequeued node 1496, type NOT
0.000000, 0.365616, 1.897810
 0.004724 0.007266 0.011031
 0.017186 0.011759 0.017202
v= 0.013014
0.000000, 0.365616, 1.897810
 0.004724 0.003321 0.006755
 0.017186 0.006463 0.009176
v= 0.007276
dequeued node 1504, type NOT
0.000000, 0.365616, 1.897810
 0.004724 0.007266 0.011031
 0.017186 0.011759 0.017202
v= 0.013014
0.000000, 0.365616, 1.897810
 0.004724 0.003321 0.006755
 0.017186 0.006463 0.009176
v= 0.007276
dequeued node 459, type AND
0.000000, 0.365616, 1.893040
 0.001174 0.022927 0.027883
 0.004724 0.024180 0.029133
v= 0.025011
0.000000, 0.365616, 1.893040
 0.004724 0.024180 0.029133
 0.017186 0.029231 0.034149
v= 0.029545
0.000000, 0.365616, 1.893040
 0.004724 0.005728 0.008919
 0.017186 0.005757 0.008949
v= 0.006903
dequeued node 487, type NAND
0.000000, 3.709790, 7.419590
 0.001174 0.015767 0.024756
 0.004724 0.017300 0.026357
v= 0.017493
0.000000, 3.709790, 7.419590
 0.004724 0.017300 0.026357
 0.017186 0.023639 0.032510
v= 0.023153
0.000000, 3.709790, 7.419590
 0.004724 0.012381 0.020845
 0.017186 0.013018 0.020850
v= 0.014052
dequeued node 505, type NAND
0.000000, 1.854900, 3.709790
 0.001174 0.011210 0.015767
 0.004724 0.012708 0.017300
v= 0.011791
0.000000, 1.854900, 3.709790
 0.004724 0.012708 0.017300
 0.017186 0.018954 0.023639
v= 0.017374
0.000000, 1.854900, 3.709790
 0.004724 0.008147 0.012381
 0.017186 0.009978 0.013018
v= 0.009618
dequeued node 457, type AND
0.000000, 0.365616, 1.893040
 0.001174 0.022927 0.027883
 0.004724 0.024180 0.029133
v= 0.025011
0.000000, 0.365616, 1.893040
 0.004724 0.024180 0.029133
 0.017186 0.029231 0.034149
v= 0.029535
0.000000, 0.365616, 1.893040
 0.004724 0.005728 0.008919
 0.017186 0.005757 0.008949
v= 0.006903
dequeued node 482, type NAND
0.000000, 3.709790, 7.419590
 0.001174 0.015767 0.024756
 0.004724 0.017300 0.026357
v= 0.017493
0.000000, 3.709790, 7.419590
 0.004724 0.017300 0.026357
 0.017186 0.023639 0.032510
v= 0.023140
0.000000, 3.709790, 7.419590
 0.004724 0.012381 0.020845
 0.017186 0.013018 0.020850
v= 0.014051
dequeued node 492, type NAND
0.000000, 1.854900, 3.709790
 0.001174 0.011210 0.015767
 0.004724 0.012708 0.017300
v= 0.011791
0.000000, 1.854900, 3.709790
 0.004724 0.012708 0.017300
 0.017186 0.018954 0.023639
v= 0.017362
0.000000, 1.854900, 3.709790
 0.004724 0.008147 0.012381
 0.017186 0.009978 0.013018
v= 0.009614
dequeued node 1642, type NOT
0.000000, 0.365616, 1.897810
 0.004724 0.007266 0.011031
 0.017186 0.011759 0.017202
v= 0.013626
0.000000, 0.365616, 1.897810
 0.004724 0.003321 0.006755
 0.017186 0.006463 0.009176
v= 0.007544
dequeued node 1652, type NOT
0.000000, 0.365616, 1.897810
 0.004724 0.007266 0.011031
 0.017186 0.011759 0.017202
v= 0.013626
0.000000, 0.365616, 1.897810
 0.004724 0.003321 0.006755
 0.017186 0.006463 0.009176
v= 0.007544
dequeued node 1078, type BUFF
0.000000, 1.895430, 3.790860
 0.004724 0.020757 0.025546
 0.017186 0.025664 0.030382
v= 0.025993
0.000000, 1.895430, 3.790860
 0.004724 0.007457 0.011571
 0.017186 0.007598 0.011622
v= 0.010530
dequeued node 1090, type BUFF
0.000000, 1.895430, 3.790860
 0.004724 0.020757 0.025546
 0.017186 0.025664 0.030382
v= 0.025993
0.000000, 1.895430, 3.790860
 0.004724 0.007457 0.011571
 0.017186 0.007598 0.011622
v= 0.010530
dequeued node 1154, type BUFF
0.000000, 1.895430, 3.790860
 0.004724 0.020757 0.025546
 0.017186 0.025664 0.030382
v= 0.025993
0.000000, 1.895430, 3.790860
 0.004724 0.007457 0.011571
 0.017186 0.007598 0.011622
v= 0.010530
dequeued node 1166, type BUFF
0.000000, 1.895430, 3.790860
 0.004724 0.020757 0.025546
 0.017186 0.025664 0.030382
v= 0.025993
0.000000, 1.895430, 3.790860
 0.004724 0.007457 0.011571
 0.017186 0.007598 0.011622
v= 0.010530
dequeued node 1194, type BUFF
0.000000, 1.895430, 3.790860
 0.004724 0.020757 0.025546
 0.017186 0.025664 0.030382
v= 0.025993
0.000000, 1.895430, 3.790860
 0.004724 0.007457 0.011571
 0.017186 0.007598 0.011622
v= 0.010530
dequeued node 1204, type BUFF
0.000000, 1.895430, 3.790860
 0.004724 0.020757 0.025546
 0.017186 0.025664 0.030382
v= 0.025993
0.000000, 1.895430, 3.790860
 0.004724 0.007457 0.011571
 0.017186 0.007598 0.011622
v= 0.010530
dequeued node 1298, type NOT
0.000000, 0.365616, 1.897810
 0.004724 0.007266 0.011031
 0.017186 0.011759 0.017202
v= 0.013634
0.000000, 0.365616, 1.897810
 0.004724 0.003321 0.006755
 0.017186 0.006463 0.009176
v= 0.007548
dequeued node 1339, type NOT
0.000000, 0.365616, 1.897810
 0.004724 0.007266 0.011031
 0.017186 0.011759 0.017202
v= 0.013634
0.000000, 0.365616, 1.897810
 0.004724 0.003321 0.006755
 0.017186 0.006463 0.009176
v= 0.007548
dequeued node 1836, type NOT
0.000000, 0.365616, 1.897810
 0.004724 0.007266 0.011031
 0.017186 0.011759 0.017202
v= 0.013634
0.000000, 0.365616, 1.897810
 0.004724 0.003321 0.006755
 0.017186 0.006463 0.009176
v= 0.007548
dequeued node 988, type NOT
0.000000, 0.365616, 1.897810
 0.004724 0.007266 0.011031
 0.017186 0.011759 0.017202
v= 0.013016
0.000000, 0.365616, 1.897810
 0.004724 0.003321 0.006755
 0.017186 0.006463 0.009176
v= 0.007277
dequeued node 998, type NOT
0.000000, 0.365616, 1.897810
 0.004724 0.007266 0.011031
 0.017186 0.011759 0.017202
v= 0.013016
0.000000, 0.365616, 1.897810
 0.004724 0.003321 0.006755
 0.017186 0.006463 0.009176
v= 0.007277
dequeued node 1660, type NOT
0.000000, 0.365616, 1.897810
 0.004724 0.007266 0.011031
 0.017186 0.011759 0.017202
v= 0.013016
0.000000, 0.365616, 1.897810
 0.004724 0.003321 0.006755
 0.017186 0.006463 0.009176
v= 0.007277
dequeued node 1668, type NOT
0.000000, 0.365616, 1.897810
 0.004724 0.007266 0.011031
 0.017186 0.011759 0.017202
v= 0.013016
0.000000, 0.365616, 1.897810
 0.004724 0.003321 0.006755
 0.017186 0.006463 0.009176
v= 0.007277
dequeued node 984, type NAND
0.000000, 0.365616, 1.854900
 0.004724 0.008963 0.012708
 0.017186 0.014183 0.018954
v= 0.014888
0.000000, 0.365616, 1.854900
 0.004724 0.008963 0.012708
 0.017186 0.014183 0.018954
v= 0.013309
0.000000, 0.365616, 1.854900
 0.004724 0.004754 0.008147
 0.017186 0.007798 0.009978
v= 0.008513
dequeued node 994, type NAND
0.000000, 0.365616, 1.854900
 0.004724 0.008963 0.012708
 0.017186 0.014183 0.018954
v= 0.014888
0.000000, 0.365616, 1.854900
 0.004724 0.008963 0.012708
 0.017186 0.014183 0.018954
v= 0.013309
0.000000, 0.365616, 1.854900
 0.004724 0.004754 0.008147
 0.017186 0.007798 0.009978
v= 0.008513
dequeued node 297, type NAND
0.000000, 0.365616, 1.854900
 0.004724 0.008963 0.012708
 0.017186 0.014183 0.018954
v= 0.014892
0.000000, 0.365616, 1.854900
 0.004724 0.008963 0.012708
 0.017186 0.014183 0.018954
v= 0.013310
0.000000, 0.365616, 1.854900
 0.004724 0.004754 0.008147
 0.017186 0.007798 0.009978
v= 0.007983
dequeued node 1038, type NOT
0.000000, 0.365616, 1.897810
 0.004724 0.007266 0.011031
 0.017186 0.011759 0.017202
v= 0.013016
0.000000, 0.365616, 1.897810
 0.004724 0.003321 0.006755
 0.017186 0.006463 0.009176
v= 0.007277
dequeued node 1048, type NOT
0.000000, 0.365616, 1.897810
 0.004724 0.007266 0.011031
 0.017186 0.011759 0.017202
v= 0.013016
0.000000, 0.365616, 1.897810
 0.004724 0.003321 0.006755
 0.017186 0.006463 0.009176
v= 0.007277
dequeued node 1225, type NAND
0.000000, 0.365616, 1.854900
 0.004724 0.008963 0.012708
 0.017186 0.014183 0.018954
v= 0.014892
0.000000, 0.365616, 1.854900
 0.004724 0.008963 0.012708
 0.017186 0.014183 0.018954
v= 0.013308
0.000000, 0.365616, 1.854900
 0.004724 0.004754 0.008147
 0.017186 0.007798 0.009978
v= 0.007982
dequeued node 1700, type NOT
0.000000, 0.365616, 1.897810
 0.004724 0.007266 0.011031
 0.017186 0.011759 0.017202
v= 0.013016
0.000000, 0.365616, 1.897810
 0.004724 0.003321 0.006755
 0.017186 0.006463 0.009176
v= 0.007277
dequeued node 1708, type NOT
0.000000, 0.365616, 1.897810
 0.004724 0.007266 0.011031
 0.017186 0.011759 0.017202
v= 0.013016
0.000000, 0.365616, 1.897810
 0.004724 0.003321 0.006755
 0.017186 0.006463 0.009176
v= 0.007277
dequeued node 1281, type NAND
0.000000, 0.365616, 1.854900
 0.004724 0.008963 0.012708
 0.017186 0.014183 0.018954
v= 0.014892
0.000000, 0.365616, 1.854900
 0.004724 0.008963 0.012708
 0.017186 0.014183 0.018954
v= 0.013308
0.000000, 0.365616, 1.854900
 0.004724 0.004754 0.008147
 0.017186 0.007798 0.009978
v= 0.007982
dequeued node 1034, type NAND
0.000000, 0.365616, 1.854900
 0.004724 0.008963 0.012708
 0.017186 0.014183 0.018954
v= 0.014888
0.000000, 0.365616, 1.854900
 0.004724 0.008963 0.012708
 0.017186 0.014183 0.018954
v= 0.013309
0.000000, 0.365616, 1.854900
 0.004724 0.004754 0.008147
 0.017186 0.007798 0.009978
v= 0.008513
dequeued node 1044, type NAND
0.000000, 0.365616, 1.854900
 0.004724 0.008963 0.012708
 0.017186 0.014183 0.018954
v= 0.014888
0.000000, 0.365616, 1.854900
 0.004724 0.008963 0.012708
 0.017186 0.014183 0.018954
v= 0.013309
0.000000, 0.365616, 1.854900
 0.004724 0.004754 0.008147
 0.017186 0.007798 0.009978
v= 0.008513
dequeued node 1315, type NAND
0.000000, 0.365616, 1.854900
 0.004724 0.008963 0.012708
 0.017186 0.014183 0.018954
v= 0.014892
0.000000, 0.365616, 1.854900
 0.004724 0.008963 0.012708
 0.017186 0.014183 0.018954
v= 0.013309
0.000000, 0.365616, 1.854900
 0.004724 0.004754 0.008147
 0.017186 0.007798 0.009978
v= 0.007982
dequeued node 298, type NAND
0.000000, 0.365616, 1.854900
 0.004724 0.008963 0.012708
 0.017186 0.014183 0.018954
v= 0.014899
0.000000, 0.365616, 1.854900
 0.004724 0.008963 0.012708
 0.017186 0.014183 0.018954
v= 0.013309
0.000000, 0.365616, 1.854900
 0.004724 0.004754 0.008147
 0.017186 0.007798 0.009978
v= 0.007982
dequeued node 1226, type NAND
0.000000, 0.365616, 1.854900
 0.004724 0.008963 0.012708
 0.017186 0.014183 0.018954
v= 0.014886
0.000000, 0.365616, 1.854900
 0.004724 0.008963 0.012708
 0.017186 0.014183 0.018954
v= 0.013309
0.000000, 0.365616, 1.854900
 0.004724 0.004754 0.008147
 0.017186 0.007798 0.009978
v= 0.007982
dequeued node 1282, type NAND
0.000000, 0.365616, 1.854900
 0.004724 0.008963 0.012708
 0.017186 0.014183 0.018954
v= 0.014886
0.000000, 0.365616, 1.854900
 0.004724 0.008963 0.012708
 0.017186 0.014183 0.018954
v= 0.013309
0.000000, 0.365616, 1.854900
 0.004724 0.004754 0.008147
 0.017186 0.007798 0.009978
v= 0.007982
dequeued node 1732, type NOT
0.000000, 0.365616, 1.897810
 0.004724 0.007266 0.011031
 0.017186 0.011759 0.017202
v= 0.013016
0.000000, 0.365616, 1.897810
 0.004724 0.003321 0.006755
 0.017186 0.006463 0.009176
v= 0.007277
dequeued node 1740, type NOT
0.000000, 0.365616, 1.897810
 0.004724 0.007266 0.011031
 0.017186 0.011759 0.017202
v= 0.013016
0.000000, 0.365616, 1.897810
 0.004724 0.003321 0.006755
 0.017186 0.006463 0.009176
v= 0.007277
dequeued node 361, type NAND
0.000000, 0.365616, 1.854900
 0.004724 0.008963 0.012708
 0.017186 0.014183 0.018954
v= 0.014892
0.000000, 0.365616, 1.854900
 0.004724 0.008963 0.012708
 0.017186 0.014183 0.018954
v= 0.013310
0.000000, 0.365616, 1.854900
 0.004724 0.004754 0.008147
 0.017186 0.007798 0.009978
v= 0.007983
dequeued node 1066, type NOT
0.000000, 0.365616, 1.897810
 0.004724 0.007266 0.011031
 0.017186 0.011759 0.017202
v= 0.013016
0.000000, 0.365616, 1.897810
 0.004724 0.003321 0.006755
 0.017186 0.006463 0.009176
v= 0.007277
dequeued node 1076, type NOT
0.000000, 0.365616, 1.897810
 0.004724 0.007266 0.011031
 0.017186 0.011759 0.017202
v= 0.013016
0.000000, 0.365616, 1.897810
 0.004724 0.003321 0.006755
 0.017186 0.006463 0.009176
v= 0.007277
dequeued node 1303, type NAND
0.000000, 0.365616, 1.854900
 0.004724 0.008963 0.012708
 0.017186 0.014183 0.018954
v= 0.014892
0.000000, 0.365616, 1.854900
 0.004724 0.008963 0.012708
 0.017186 0.014183 0.018954
v= 0.013309
0.000000, 0.365616, 1.854900
 0.004724 0.004754 0.008147
 0.017186 0.007798 0.009978
v= 0.007982
dequeued node 1316, type NAND
0.000000, 0.365616, 1.854900
 0.004724 0.008963 0.012708
 0.017186 0.014183 0.018954
v= 0.014892
0.000000, 0.365616, 1.854900
 0.004724 0.008963 0.012708
 0.017186 0.014183 0.018954
v= 0.013309
0.000000, 0.365616, 1.854900
 0.004724 0.004754 0.008147
 0.017186 0.007798 0.009978
v= 0.007982
dequeued node 1108, type NOT
0.000000, 0.365616, 1.897810
 0.004724 0.007266 0.011031
 0.017186 0.011759 0.017202
v= 0.013016
0.000000, 0.365616, 1.897810
 0.004724 0.003321 0.006755
 0.017186 0.006463 0.009176
v= 0.007277
dequeued node 1120, type NOT
0.000000, 0.365616, 1.897810
 0.004724 0.007266 0.011031
 0.017186 0.011759 0.017202
v= 0.013016
0.000000, 0.365616, 1.897810
 0.004724 0.003321 0.006755
 0.017186 0.006463 0.009176
v= 0.007277
dequeued node 1748, type NOT
0.000000, 0.365616, 1.897810
 0.004724 0.007266 0.011031
 0.017186 0.011759 0.017202
v= 0.013016
0.000000, 0.365616, 1.897810
 0.004724 0.003321 0.006755
 0.017186 0.006463 0.009176
v= 0.007277
dequeued node 1756, type NOT
0.000000, 0.365616, 1.897810
 0.004724 0.007266 0.011031
 0.017186 0.011759 0.017202
v= 0.013016
0.000000, 0.365616, 1.897810
 0.004724 0.003321 0.006755
 0.017186 0.006463 0.009176
v= 0.007277
dequeued node 404, type NAND
0.000000, 0.365616, 1.854900
 0.004724 0.008963 0.012708
 0.017186 0.014183 0.018954
v= 0.015530
0.000000, 0.365616, 1.854900
 0.004724 0.008963 0.012708
 0.017186 0.014183 0.018954
v= 0.013309
0.000000, 0.365616, 1.854900
 0.004724 0.004754 0.008147
 0.017186 0.007798 0.009978
v= 0.008728
dequeued node 1104, type NAND
0.000000, 0.365616, 1.854900
 0.004724 0.008963 0.012708
 0.017186 0.014183 0.018954
v= 0.014888
0.000000, 0.365616, 1.854900
 0.004724 0.008963 0.012708
 0.017186 0.014183 0.018954
v= 0.013309
0.000000, 0.365616, 1.854900
 0.004724 0.004754 0.008147
 0.017186 0.007798 0.009978
v= 0.008513
dequeued node 1116, type NAND
0.000000, 0.365616, 1.854900
 0.004724 0.008963 0.012708
 0.017186 0.014183 0.018954
v= 0.014888
0.000000, 0.365616, 1.854900
 0.004724 0.008963 0.012708
 0.017186 0.014183 0.018954
v= 0.013309
0.000000, 0.365616, 1.854900
 0.004724 0.004754 0.008147
 0.017186 0.007798 0.009978
v= 0.008513
dequeued node 1788, type NOT
0.000000, 0.365616, 1.897810
 0.004724 0.007266 0.011031
 0.017186 0.011759 0.017202
v= 0.013016
0.000000, 0.365616, 1.897810
 0.004724 0.003321 0.006755
 0.017186 0.006463 0.009176
v= 0.007277
dequeued node 1158, type NAND
0.000000, 0.365616, 1.854900
 0.004724 0.008963 0.012708
 0.017186 0.014183 0.018954
v= 0.014888
0.000000, 0.365616, 1.854900
 0.004724 0.008963 0.012708
 0.017186 0.014183 0.018954
v= 0.013310
0.000000, 0.365616, 1.854900
 0.004724 0.004754 0.008147
 0.017186 0.007798 0.009978
v= 0.008513
dequeued node 1796, type NOT
0.000000, 0.365616, 1.897810
 0.004724 0.007266 0.011031
 0.017186 0.011759 0.017202
v= 0.013016
0.000000, 0.365616, 1.897810
 0.004724 0.003321 0.006755
 0.017186 0.006463 0.009176
v= 0.007277
dequeued node 1170, type NAND
0.000000, 0.365616, 1.854900
 0.004724 0.008963 0.012708
 0.017186 0.014183 0.018954
v= 0.014888
0.000000, 0.365616, 1.854900
 0.004724 0.008963 0.012708
 0.017186 0.014183 0.018954
v= 0.013310
0.000000, 0.365616, 1.854900
 0.004724 0.004754 0.008147
 0.017186 0.007798 0.009978
v= 0.008513
dequeued node 1844, type NOT
0.000000, 0.365616, 1.897810
 0.004724 0.007266 0.011031
 0.017186 0.011759 0.017202
v= 0.013016
0.000000, 0.365616, 1.897810
 0.004724 0.003321 0.006755
 0.017186 0.006463 0.009176
v= 0.007277
dequeued node 1260, type NAND
0.000000, 0.365616, 1.854900
 0.004724 0.008963 0.012708
 0.017186 0.014183 0.018954
v= 0.014888
0.000000, 0.365616, 1.854900
 0.004724 0.008963 0.012708
 0.017186 0.014183 0.018954
v= 0.013310
0.000000, 0.365616, 1.854900
 0.004724 0.004754 0.008147
 0.017186 0.007798 0.009978
v= 0.008513
dequeued node 1852, type NOT
0.000000, 0.365616, 1.897810
 0.004724 0.007266 0.011031
 0.017186 0.011759 0.017202
v= 0.013016
0.000000, 0.365616, 1.897810
 0.004724 0.003321 0.006755
 0.017186 0.006463 0.009176
v= 0.007277
dequeued node 1272, type NAND
0.000000, 0.365616, 1.854900
 0.004724 0.008963 0.012708
 0.017186 0.014183 0.018954
v= 0.014888
0.000000, 0.365616, 1.854900
 0.004724 0.008963 0.012708
 0.017186 0.014183 0.018954
v= 0.013310
0.000000, 0.365616, 1.854900
 0.004724 0.004754 0.008147
 0.017186 0.007798 0.009978
v= 0.008513
dequeued node 362, type NAND
0.000000, 0.365616, 1.854900
 0.004724 0.008963 0.012708
 0.017186 0.014183 0.018954
v= 0.014899
0.000000, 0.365616, 1.854900
 0.004724 0.008963 0.012708
 0.017186 0.014183 0.018954
v= 0.013309
0.000000, 0.365616, 1.854900
 0.004724 0.004754 0.008147
 0.017186 0.007798 0.009978
v= 0.007982
dequeued node 1716, type NOT
0.000000, 0.365616, 1.897810
 0.004724 0.007266 0.011031
 0.017186 0.011759 0.017202
v= 0.013016
0.000000, 0.365616, 1.897810
 0.004724 0.003321 0.006755
 0.017186 0.006463 0.009176
v= 0.007277
dequeued node 1724, type NOT
0.000000, 0.365616, 1.897810
 0.004724 0.007266 0.011031
 0.017186 0.011759 0.017202
v= 0.013016
0.000000, 0.365616, 1.897810
 0.004724 0.003321 0.006755
 0.017186 0.006463 0.009176
v= 0.007277
dequeued node 1248, type NAND
0.000000, 0.365616, 1.854900
 0.004724 0.008963 0.012708
 0.017186 0.014183 0.018954
v= 0.015530
0.000000, 0.365616, 1.854900
 0.004724 0.008963 0.012708
 0.017186 0.014183 0.018954
v= 0.013309
0.000000, 0.365616, 1.854900
 0.004724 0.004754 0.008147
 0.017186 0.007798 0.009978
v= 0.008728
dequeued node 1304, type NAND
0.000000, 0.365616, 1.854900
 0.004724 0.008963 0.012708
 0.017186 0.014183 0.018954
v= 0.014892
0.000000, 0.365616, 1.854900
 0.004724 0.008963 0.012708
 0.017186 0.014183 0.018954
v= 0.013309
0.000000, 0.365616, 1.854900
 0.004724 0.004754 0.008147
 0.017186 0.007798 0.009978
v= 0.007982
dequeued node 1264, type NOT
0.000000, 0.365616, 1.897810
 0.004724 0.007266 0.011031
 0.017186 0.011759 0.017202
v= 0.013016
0.000000, 0.365616, 1.897810
 0.004724 0.003321 0.006755
 0.017186 0.006463 0.009176
v= 0.007277
dequeued node 1276, type NOT
0.000000, 0.365616, 1.897810
 0.004724 0.007266 0.011031
 0.017186 0.011759 0.017202
v= 0.013016
0.000000, 0.365616, 1.897810
 0.004724 0.003321 0.006755
 0.017186 0.006463 0.009176
v= 0.007277
dequeued node 1062, type NAND
0.000000, 0.365616, 1.854900
 0.004724 0.008963 0.012708
 0.017186 0.014183 0.018954
v= 0.014888
0.000000, 0.365616, 1.854900
 0.004724 0.008963 0.012708
 0.017186 0.014183 0.018954
v= 0.013309
0.000000, 0.365616, 1.854900
 0.004724 0.004754 0.008147
 0.017186 0.007798 0.009978
v= 0.008513
dequeued node 1072, type NAND
0.000000, 0.365616, 1.854900
 0.004724 0.008963 0.012708
 0.017186 0.014183 0.018954
v= 0.014888
0.000000, 0.365616, 1.854900
 0.004724 0.008963 0.012708
 0.017186 0.014183 0.018954
v= 0.013309
0.000000, 0.365616, 1.854900
 0.004724 0.004754 0.008147
 0.017186 0.007798 0.009978
v= 0.008513
dequeued node 958, type NAND
0.000000, 14.839200, 29.678300
 0.017186 0.050364 0.086046
 0.040984 0.062823 0.098154
v= 0.064135
0.000000, 14.839200, 29.678300
 0.004724 0.044282 0.079964
 0.017186 0.050364 0.086046
v= 0.060657
0.000000, 14.839200, 29.678300
 0.017186 0.037803 0.071678
 0.040984 0.038286 0.071683
v= 0.049924
dequeued node 969, type NAND
0.000000, 14.839200, 29.678300
 0.017186 0.050364 0.086046
 0.040984 0.062823 0.098154
v= 0.064135
0.000000, 14.839200, 29.678300
 0.004724 0.044282 0.079964
 0.017186 0.050364 0.086046
v= 0.060657
0.000000, 14.839200, 29.678300
 0.017186 0.037803 0.071678
 0.040984 0.038286 0.071683
v= 0.049924
dequeued node 614, type NOT
0.000000, 0.365616, 1.897810
 0.004724 0.007266 0.011031
 0.017186 0.011759 0.017202
v= 0.012440
0.000000, 0.365616, 1.897810
 0.004724 0.003321 0.006755
 0.017186 0.006463 0.009176
v= 0.006717
dequeued node 615, type BUFF
0.000000, 0.365616, 1.895430
 0.004724 0.016556 0.020757
 0.017186 0.021491 0.025664
v= 0.024268
0.000000, 0.365616, 1.895430
 0.004724 0.004315 0.007457
 0.017186 0.004627 0.007598
v= 0.007446
dequeued node 1426, type BUFF
0.000000, 1.895430, 3.790860
 0.004724 0.020757 0.025546
 0.017186 0.025664 0.030382
v= 0.026211
0.000000, 1.895430, 3.790860
 0.004724 0.007457 0.011571
 0.017186 0.007598 0.011622
v= 0.010533
dequeued node 1434, type BUFF
0.000000, 1.895430, 3.790860
 0.004724 0.020757 0.025546
 0.017186 0.025664 0.030382
v= 0.026211
0.000000, 1.895430, 3.790860
 0.004724 0.007457 0.011571
 0.017186 0.007598 0.011622
v= 0.010533
dequeued node 565, type NOT
0.000000, 0.365616, 1.897810
 0.004724 0.007266 0.011031
 0.017186 0.011759 0.017202
v= 0.012439
0.000000, 0.365616, 1.897810
 0.004724 0.003321 0.006755
 0.017186 0.006463 0.009176
v= 0.006716
dequeued node 566, type BUFF
0.000000, 0.365616, 1.895430
 0.004724 0.016556 0.020757
 0.017186 0.021491 0.025664
v= 0.024268
0.000000, 0.365616, 1.895430
 0.004724 0.004315 0.007457
 0.017186 0.004627 0.007598
v= 0.007446
dequeued node 1410, type BUFF
0.000000, 1.895430, 3.790860
 0.004724 0.020757 0.025546
 0.017186 0.025664 0.030382
v= 0.026209
0.000000, 1.895430, 3.790860
 0.004724 0.007457 0.011571
 0.017186 0.007598 0.011622
v= 0.010533
dequeued node 1418, type BUFF
0.000000, 1.895430, 3.790860
 0.004724 0.020757 0.025546
 0.017186 0.025664 0.030382
v= 0.026209
0.000000, 1.895430, 3.790860
 0.004724 0.007457 0.011571
 0.017186 0.007598 0.011622
v= 0.010533
dequeued node 1086, type NOT
0.000000, 0.365616, 1.897810
 0.004724 0.007266 0.011031
 0.017186 0.011759 0.017202
v= 0.013020
0.000000, 0.365616, 1.897810
 0.004724 0.003321 0.006755
 0.017186 0.006463 0.009176
v= 0.007279
dequeued node 1098, type NOT
0.000000, 0.365616, 1.897810
 0.004724 0.007266 0.011031
 0.017186 0.011759 0.017202
v= 0.013020
0.000000, 0.365616, 1.897810
 0.004724 0.003321 0.006755
 0.017186 0.006463 0.009176
v= 0.007279
dequeued node 1162, type NOT
0.000000, 0.365616, 1.897810
 0.004724 0.007266 0.011031
 0.017186 0.011759 0.017202
v= 0.013020
0.000000, 0.365616, 1.897810
 0.004724 0.003321 0.006755
 0.017186 0.006463 0.009176
v= 0.007279
dequeued node 1174, type NOT
0.000000, 0.365616, 1.897810
 0.004724 0.007266 0.011031
 0.017186 0.011759 0.017202
v= 0.013020
0.000000, 0.365616, 1.897810
 0.004724 0.003321 0.006755
 0.017186 0.006463 0.009176
v= 0.007279
dequeued node 1200, type NOT
0.000000, 0.365616, 1.897810
 0.004724 0.007266 0.011031
 0.017186 0.011759 0.017202
v= 0.013020
0.000000, 0.365616, 1.897810
 0.004724 0.003321 0.006755
 0.017186 0.006463 0.009176
v= 0.007279
dequeued node 1203, type NAND
0.000000, 0.365616, 1.854900
 0.004724 0.008963 0.012708
 0.017186 0.014183 0.018954
v= 0.014892
0.000000, 0.365616, 1.854900
 0.004724 0.008963 0.012708
 0.017186 0.014183 0.018954
v= 0.013309
0.000000, 0.365616, 1.854900
 0.004724 0.004754 0.008147
 0.017186 0.007798 0.009978
v= 0.008514
dequeued node 1210, type NOT
0.000000, 0.365616, 1.897810
 0.004724 0.007266 0.011031
 0.017186 0.011759 0.017202
v= 0.013020
0.000000, 0.365616, 1.897810
 0.004724 0.003321 0.006755
 0.017186 0.006463 0.009176
v= 0.007279
dequeued node 373, type NAND
0.000000, 0.365616, 1.854900
 0.004724 0.008963 0.012708
 0.017186 0.014183 0.018954
v= 0.014892
0.000000, 0.365616, 1.854900
 0.004724 0.008963 0.012708
 0.017186 0.014183 0.018954
v= 0.013309
0.000000, 0.365616, 1.854900
 0.004724 0.004754 0.008147
 0.017186 0.007798 0.009978
v= 0.008514
dequeued node 405, type NAND
0.000000, 0.365616, 1.854900
 0.004724 0.008963 0.012708
 0.017186 0.014183 0.018954
v= 0.014892
0.000000, 0.365616, 1.854900
 0.004724 0.008963 0.012708
 0.017186 0.014183 0.018954
v= 0.013440
0.000000, 0.365616, 1.854900
 0.004724 0.004754 0.008147
 0.017186 0.007798 0.009978
v= 0.008026
dequeued node 1247, type NAND
0.000000, 0.365616, 1.854900
 0.004724 0.008963 0.012708
 0.017186 0.014183 0.018954
v= 0.014892
0.000000, 0.365616, 1.854900
 0.004724 0.008963 0.012708
 0.017186 0.014183 0.018954
v= 0.013440
0.000000, 0.365616, 1.854900
 0.004724 0.004754 0.008147
 0.017186 0.007798 0.009978
v= 0.008026
dequeued node 983, type NAND
0.000000, 0.365616, 1.854900
 0.004724 0.008963 0.012708
 0.017186 0.014183 0.018954
v= 0.014892
0.000000, 0.365616, 1.854900
 0.004724 0.008963 0.012708
 0.017186 0.014183 0.018954
v= 0.013308
0.000000, 0.365616, 1.854900
 0.004724 0.004754 0.008147
 0.017186 0.007798 0.009978
v= 0.007982
dequeued node 993, type NAND
0.000000, 0.365616, 1.854900
 0.004724 0.008963 0.012708
 0.017186 0.014183 0.018954
v= 0.014892
0.000000, 0.365616, 1.854900
 0.004724 0.008963 0.012708
 0.017186 0.014183 0.018954
v= 0.013308
0.000000, 0.365616, 1.854900
 0.004724 0.004754 0.008147
 0.017186 0.007798 0.009978
v= 0.007982
dequeued node 1033, type NAND
0.000000, 0.365616, 1.854900
 0.004724 0.008963 0.012708
 0.017186 0.014183 0.018954
v= 0.014892
0.000000, 0.365616, 1.854900
 0.004724 0.008963 0.012708
 0.017186 0.014183 0.018954
v= 0.013308
0.000000, 0.365616, 1.854900
 0.004724 0.004754 0.008147
 0.017186 0.007798 0.009978
v= 0.007982
dequeued node 1043, type NAND
0.000000, 0.365616, 1.854900
 0.004724 0.008963 0.012708
 0.017186 0.014183 0.018954
v= 0.014892
0.000000, 0.365616, 1.854900
 0.004724 0.008963 0.012708
 0.017186 0.014183 0.018954
v= 0.013308
0.000000, 0.365616, 1.854900
 0.004724 0.004754 0.008147
 0.017186 0.007798 0.009978
v= 0.007982
dequeued node 268, type NAND
0.000000, 0.365616, 1.854900
 0.004724 0.008963 0.012708
 0.017186 0.014183 0.018954
v= 0.013925
0.000000, 0.365616, 1.854900
 0.004724 0.008963 0.012708
 0.017186 0.014183 0.018954
v= 0.013924
0.000000, 0.365616, 1.854900
 0.004724 0.004754 0.008147
 0.017186 0.007798 0.009978
v= 0.008306
dequeued node 1227, type NAND
0.000000, 1.854900, 3.709790
 0.004724 0.012708 0.017300
 0.017186 0.018954 0.023639
v= 0.017936
0.000000, 1.854900, 3.709790
 0.004724 0.012708 0.017300
 0.017186 0.018954 0.023639
v= 0.017936
0.000000, 1.854900, 3.709790
 0.004724 0.008147 0.012381
 0.017186 0.009978 0.013018
v= 0.011680
dequeued node 1283, type NAND
0.000000, 1.854900, 3.709790
 0.004724 0.012708 0.017300
 0.017186 0.018954 0.023639
v= 0.017936
0.000000, 1.854900, 3.709790
 0.004724 0.012708 0.017300
 0.017186 0.018954 0.023639
v= 0.017936
0.000000, 1.854900, 3.709790
 0.004724 0.008147 0.012381
 0.017186 0.009978 0.013018
v= 0.011680
dequeued node 1317, type NAND
0.000000, 1.854900, 3.709790
 0.004724 0.012708 0.017300
 0.017186 0.018954 0.023639
v= 0.017936
0.000000, 1.854900, 3.709790
 0.004724 0.012708 0.017300
 0.017186 0.018954 0.023639
v= 0.017936
0.000000, 1.854900, 3.709790
 0.004724 0.008147 0.012381
 0.017186 0.009978 0.013018
v= 0.011680
dequeued node 1103, type NAND
0.000000, 0.365616, 1.854900
 0.004724 0.008963 0.012708
 0.017186 0.014183 0.018954
v= 0.014892
0.000000, 0.365616, 1.854900
 0.004724 0.008963 0.012708
 0.017186 0.014183 0.018954
v= 0.013308
0.000000, 0.365616, 1.854900
 0.004724 0.004754 0.008147
 0.017186 0.007798 0.009978
v= 0.007982
dequeued node 1115, type NAND
0.000000, 0.365616, 1.854900
 0.004724 0.008963 0.012708
 0.017186 0.014183 0.018954
v= 0.014892
0.000000, 0.365616, 1.854900
 0.004724 0.008963 0.012708
 0.017186 0.014183 0.018954
v= 0.013308
0.000000, 0.365616, 1.854900
 0.004724 0.004754 0.008147
 0.017186 0.007798 0.009978
v= 0.007982
dequeued node 1157, type NAND
0.000000, 0.365616, 1.854900
 0.004724 0.008963 0.012708
 0.017186 0.014183 0.018954
v= 0.014899
0.000000, 0.365616, 1.854900
 0.004724 0.008963 0.012708
 0.017186 0.014183 0.018954
v= 0.013308
0.000000, 0.365616, 1.854900
 0.004724 0.004754 0.008147
 0.017186 0.007798 0.009978
v= 0.007982
dequeued node 1169, type NAND
0.000000, 0.365616, 1.854900
 0.004724 0.008963 0.012708
 0.017186 0.014183 0.018954
v= 0.014899
0.000000, 0.365616, 1.854900
 0.004724 0.008963 0.012708
 0.017186 0.014183 0.018954
v= 0.013308
0.000000, 0.365616, 1.854900
 0.004724 0.004754 0.008147
 0.017186 0.007798 0.009978
v= 0.007982
dequeued node 1259, type NAND
0.000000, 0.365616, 1.854900
 0.004724 0.008963 0.012708
 0.017186 0.014183 0.018954
v= 0.014899
0.000000, 0.365616, 1.854900
 0.004724 0.008963 0.012708
 0.017186 0.014183 0.018954
v= 0.013308
0.000000, 0.365616, 1.854900
 0.004724 0.004754 0.008147
 0.017186 0.007798 0.009978
v= 0.007982
dequeued node 1271, type NAND
0.000000, 0.365616, 1.854900
 0.004724 0.008963 0.012708
 0.017186 0.014183 0.018954
v= 0.014899
0.000000, 0.365616, 1.854900
 0.004724 0.008963 0.012708
 0.017186 0.014183 0.018954
v= 0.013308
0.000000, 0.365616, 1.854900
 0.004724 0.004754 0.008147
 0.017186 0.007798 0.009978
v= 0.007982
dequeued node 363, type NAND
0.000000, 0.365616, 1.854900
 0.004724 0.008963 0.012708
 0.017186 0.014183 0.018954
v= 0.013925
0.000000, 0.365616, 1.854900
 0.004724 0.008963 0.012708
 0.017186 0.014183 0.018954
v= 0.013924
0.000000, 0.365616, 1.854900
 0.004724 0.004754 0.008147
 0.017186 0.007798 0.009978
v= 0.008306
dequeued node 1061, type NAND
0.000000, 0.365616, 1.854900
 0.004724 0.008963 0.012708
 0.017186 0.014183 0.018954
v= 0.014892
0.000000, 0.365616, 1.854900
 0.004724 0.008963 0.012708
 0.017186 0.014183 0.018954
v= 0.013308
0.000000, 0.365616, 1.854900
 0.004724 0.004754 0.008147
 0.017186 0.007798 0.009978
v= 0.007982
dequeued node 1071, type NAND
0.000000, 0.365616, 1.854900
 0.004724 0.008963 0.012708
 0.017186 0.014183 0.018954
v= 0.014892
0.000000, 0.365616, 1.854900
 0.004724 0.008963 0.012708
 0.017186 0.014183 0.018954
v= 0.013308
0.000000, 0.365616, 1.854900
 0.004724 0.004754 0.008147
 0.017186 0.007798 0.009978
v= 0.007982
dequeued node 1305, type NAND
0.000000, 1.854900, 3.709790
 0.004724 0.012708 0.017300
 0.017186 0.018954 0.023639
v= 0.017936
0.000000, 1.854900, 3.709790
 0.004724 0.012708 0.017300
 0.017186 0.018954 0.023639
v= 0.017936
0.000000, 1.854900, 3.709790
 0.004724 0.008147 0.012381
 0.017186 0.009978 0.013018
v= 0.011680
dequeued node 1432, type NOT
0.000000, 0.365616, 1.897810
 0.004724 0.007266 0.011031
 0.017186 0.011759 0.017202
v= 0.013021
0.000000, 0.365616, 1.897810
 0.004724 0.003321 0.006755
 0.017186 0.006463 0.009176
v= 0.007280
dequeued node 1440, type NOT
0.000000, 0.365616, 1.897810
 0.004724 0.007266 0.011031
 0.017186 0.011759 0.017202
v= 0.013021
0.000000, 0.365616, 1.897810
 0.004724 0.003321 0.006755
 0.017186 0.006463 0.009176
v= 0.007280
dequeued node 1416, type NOT
0.000000, 0.365616, 1.897810
 0.004724 0.007266 0.011031
 0.017186 0.011759 0.017202
v= 0.013021
0.000000, 0.365616, 1.897810
 0.004724 0.003321 0.006755
 0.017186 0.006463 0.009176
v= 0.007280
dequeued node 1424, type NOT
0.000000, 0.365616, 1.897810
 0.004724 0.007266 0.011031
 0.017186 0.011759 0.017202
v= 0.013021
0.000000, 0.365616, 1.897810
 0.004724 0.003321 0.006755
 0.017186 0.006463 0.009176
v= 0.007280
dequeued node 1202, type NAND
0.000000, 0.365616, 1.854900
 0.004724 0.008963 0.012708
 0.017186 0.014183 0.018954
v= 0.014892
0.000000, 0.365616, 1.854900
 0.004724 0.008963 0.012708
 0.017186 0.014183 0.018954
v= 0.013309
0.000000, 0.365616, 1.854900
 0.004724 0.004754 0.008147
 0.017186 0.007798 0.009978
v= 0.007982
dequeued node 372, type NAND
0.000000, 0.365616, 1.854900
 0.004724 0.008963 0.012708
 0.017186 0.014183 0.018954
v= 0.014892
0.000000, 0.365616, 1.854900
 0.004724 0.008963 0.012708
 0.017186 0.014183 0.018954
v= 0.013309
0.000000, 0.365616, 1.854900
 0.004724 0.004754 0.008147
 0.017186 0.007798 0.009978
v= 0.007982
dequeued node 406, type NAND
0.000000, 0.365616, 1.854900
 0.004724 0.008963 0.012708
 0.017186 0.014183 0.018954
v= 0.014292
0.000000, 0.365616, 1.854900
 0.004724 0.008963 0.012708
 0.017186 0.014183 0.018954
v= 0.013946
0.000000, 0.365616, 1.854900
 0.004724 0.004754 0.008147
 0.017186 0.007798 0.009978
v= 0.008313
dequeued node 1249, type NAND
0.000000, 1.854900, 3.709790
 0.004724 0.012708 0.017300
 0.017186 0.018954 0.023639
v= 0.017958
0.000000, 1.854900, 3.709790
 0.004724 0.012708 0.017300
 0.017186 0.018954 0.023639
v= 0.018314
0.000000, 1.854900, 3.709790
 0.004724 0.008147 0.012381
 0.017186 0.009978 0.013018
v= 0.011683
dequeued node 985, type NAND
0.000000, 1.854900, 3.709790
 0.004724 0.012708 0.017300
 0.017186 0.018954 0.023639
v= 0.017936
0.000000, 1.854900, 3.709790
 0.004724 0.012708 0.017300
 0.017186 0.018954 0.023639
v= 0.018205
0.000000, 1.854900, 3.709790
 0.004724 0.008147 0.012381
 0.017186 0.009978 0.013018
v= 0.011680
dequeued node 995, type NAND
0.000000, 1.854900, 3.709790
 0.004724 0.012708 0.017300
 0.017186 0.018954 0.023639
v= 0.017936
0.000000, 1.854900, 3.709790
 0.004724 0.012708 0.017300
 0.017186 0.018954 0.023639
v= 0.018205
0.000000, 1.854900, 3.709790
 0.004724 0.008147 0.012381
 0.017186 0.009978 0.013018
v= 0.011680
dequeued node 1035, type NAND
0.000000, 1.854900, 3.709790
 0.004724 0.012708 0.017300
 0.017186 0.018954 0.023639
v= 0.017936
0.000000, 1.854900, 3.709790
 0.004724 0.012708 0.017300
 0.017186 0.018954 0.023639
v= 0.018205
0.000000, 1.854900, 3.709790
 0.004724 0.008147 0.012381
 0.017186 0.009978 0.013018
v= 0.011680
dequeued node 1045, type NAND
0.000000, 1.854900, 3.709790
 0.004724 0.012708 0.017300
 0.017186 0.018954 0.023639
v= 0.017936
0.000000, 1.854900, 3.709790
 0.004724 0.012708 0.017300
 0.017186 0.018954 0.023639
v= 0.018205
0.000000, 1.854900, 3.709790
 0.004724 0.008147 0.012381
 0.017186 0.009978 0.013018
v= 0.011680
dequeued node 269, type NOT
0.000000, 1.897810, 3.795620
 0.004724 0.011031 0.015699
 0.017186 0.017202 0.022281
v= 0.012935
0.000000, 1.897810, 3.795620
 0.004724 0.006755 0.011086
 0.017186 0.009176 0.012015
v= 0.007557
dequeued node 1231, type NOT
0.000000, 0.365616, 1.897810
 0.004724 0.007266 0.011031
 0.017186 0.011759 0.017202
v= 0.013559
0.000000, 0.365616, 1.897810
 0.004724 0.003321 0.006755
 0.017186 0.006463 0.009176
v= 0.007515
dequeued node 1232, type NAND
0.000000, 0.365616, 1.854900
 0.004724 0.008963 0.012708
 0.017186 0.014183 0.018954
v= 0.015452
0.000000, 0.365616, 1.854900
 0.004724 0.008963 0.012708
 0.017186 0.014183 0.018954
v= 0.013308
0.000000, 0.365616, 1.854900
 0.004724 0.004754 0.008147
 0.017186 0.007798 0.009978
v= 0.008702
dequeued node 1287, type NOT
0.000000, 0.365616, 1.897810
 0.004724 0.007266 0.011031
 0.017186 0.011759 0.017202
v= 0.013559
0.000000, 0.365616, 1.897810
 0.004724 0.003321 0.006755
 0.017186 0.006463 0.009176
v= 0.007515
dequeued node 1288, type NAND
0.000000, 0.365616, 1.854900
 0.004724 0.008963 0.012708
 0.017186 0.014183 0.018954
v= 0.015452
0.000000, 0.365616, 1.854900
 0.004724 0.008963 0.012708
 0.017186 0.014183 0.018954
v= 0.013309
0.000000, 0.365616, 1.854900
 0.004724 0.004754 0.008147
 0.017186 0.007798 0.009978
v= 0.008702
dequeued node 396, type NAND
0.000000, 0.365616, 1.854900
 0.004724 0.008963 0.012708
 0.017186 0.014183 0.018954
v= 0.015452
0.000000, 0.365616, 1.854900
 0.004724 0.008963 0.012708
 0.017186 0.014183 0.018954
v= 0.013310
0.000000, 0.365616, 1.854900
 0.004724 0.004754 0.008147
 0.017186 0.007798 0.009978
v= 0.008702
dequeued node 1321, type NOT
0.000000, 0.365616, 1.897810
 0.004724 0.007266 0.011031
 0.017186 0.011759 0.017202
v= 0.013559
0.000000, 0.365616, 1.897810
 0.004724 0.003321 0.006755
 0.017186 0.006463 0.009176
v= 0.007515
dequeued node 1105, type NAND
0.000000, 1.854900, 3.709790
 0.004724 0.012708 0.017300
 0.017186 0.018954 0.023639
v= 0.017936
0.000000, 1.854900, 3.709790
 0.004724 0.012708 0.017300
 0.017186 0.018954 0.023639
v= 0.018205
0.000000, 1.854900, 3.709790
 0.004724 0.008147 0.012381
 0.017186 0.009978 0.013018
v= 0.011680
dequeued node 1117, type NAND
0.000000, 1.854900, 3.709790
 0.004724 0.012708 0.017300
 0.017186 0.018954 0.023639
v= 0.017936
0.000000, 1.854900, 3.709790
 0.004724 0.012708 0.017300
 0.017186 0.018954 0.023639
v= 0.018205
0.000000, 1.854900, 3.709790
 0.004724 0.008147 0.012381
 0.017186 0.009978 0.013018
v= 0.011680
dequeued node 1159, type NAND
0.000000, 1.854900, 3.709790
 0.004724 0.012708 0.017300
 0.017186 0.018954 0.023639
v= 0.017936
0.000000, 1.854900, 3.709790
 0.004724 0.012708 0.017300
 0.017186 0.018954 0.023639
v= 0.018205
0.000000, 1.854900, 3.709790
 0.004724 0.008147 0.012381
 0.017186 0.009978 0.013018
v= 0.011680
dequeued node 1171, type NAND
0.000000, 1.854900, 3.709790
 0.004724 0.012708 0.017300
 0.017186 0.018954 0.023639
v= 0.017936
0.000000, 1.854900, 3.709790
 0.004724 0.012708 0.017300
 0.017186 0.018954 0.023639
v= 0.018205
0.000000, 1.854900, 3.709790
 0.004724 0.008147 0.012381
 0.017186 0.009978 0.013018
v= 0.011680
dequeued node 1261, type NAND
0.000000, 1.854900, 3.709790
 0.004724 0.012708 0.017300
 0.017186 0.018954 0.023639
v= 0.017936
0.000000, 1.854900, 3.709790
 0.004724 0.012708 0.017300
 0.017186 0.018954 0.023639
v= 0.018205
0.000000, 1.854900, 3.709790
 0.004724 0.008147 0.012381
 0.017186 0.009978 0.013018
v= 0.011680
dequeued node 1273, type NAND
0.000000, 1.854900, 3.709790
 0.004724 0.012708 0.017300
 0.017186 0.018954 0.023639
v= 0.017936
0.000000, 1.854900, 3.709790
 0.004724 0.012708 0.017300
 0.017186 0.018954 0.023639
v= 0.018205
0.000000, 1.854900, 3.709790
 0.004724 0.008147 0.012381
 0.017186 0.009978 0.013018
v= 0.011680
dequeued node 1184, type NOT
0.000000, 1.897810, 3.795620
 0.004724 0.011031 0.015699
 0.017186 0.017202 0.022281
v= 0.016339
0.000000, 1.897810, 3.795620
 0.004724 0.006755 0.011086
 0.017186 0.009176 0.012015
v= 0.010332
dequeued node 1063, type NAND
0.000000, 1.854900, 3.709790
 0.004724 0.012708 0.017300
 0.017186 0.018954 0.023639
v= 0.017936
0.000000, 1.854900, 3.709790
 0.004724 0.012708 0.017300
 0.017186 0.018954 0.023639
v= 0.018205
0.000000, 1.854900, 3.709790
 0.004724 0.008147 0.012381
 0.017186 0.009978 0.013018
v= 0.011680
dequeued node 1073, type NAND
0.000000, 1.854900, 3.709790
 0.004724 0.012708 0.017300
 0.017186 0.018954 0.023639
v= 0.017936
0.000000, 1.854900, 3.709790
 0.004724 0.012708 0.017300
 0.017186 0.018954 0.023639
v= 0.018205
0.000000, 1.854900, 3.709790
 0.004724 0.008147 0.012381
 0.017186 0.009978 0.013018
v= 0.011680
dequeued node 1309, type NOT
0.000000, 0.365616, 1.897810
 0.004724 0.007266 0.011031
 0.017186 0.011759 0.017202
v= 0.013559
0.000000, 0.365616, 1.897810
 0.004724 0.003321 0.006755
 0.017186 0.006463 0.009176
v= 0.007515
dequeued node 1310, type NAND
0.000000, 0.365616, 1.854900
 0.004724 0.008963 0.012708
 0.017186 0.014183 0.018954
v= 0.015452
0.000000, 0.365616, 1.854900
 0.004724 0.008963 0.012708
 0.017186 0.014183 0.018954
v= 0.013308
0.000000, 0.365616, 1.854900
 0.004724 0.004754 0.008147
 0.017186 0.007798 0.009978
v= 0.008702
dequeued node 1212, type NAND
0.000000, 1.854900, 3.709790
 0.004724 0.012708 0.017300
 0.017186 0.018954 0.023639
v= 0.017936
0.000000, 1.854900, 3.709790
 0.004724 0.012708 0.017300
 0.017186 0.018954 0.023639
v= 0.018205
0.000000, 1.854900, 3.709790
 0.004724 0.008147 0.012381
 0.017186 0.009978 0.013018
v= 0.011680
dequeued node 374, type NAND
0.000000, 0.365616, 1.854900
 0.004724 0.008963 0.012708
 0.017186 0.014183 0.018954
v= 0.013924
0.000000, 0.365616, 1.854900
 0.004724 0.008963 0.012708
 0.017186 0.014183 0.018954
v= 0.014186
0.000000, 0.365616, 1.854900
 0.004724 0.004754 0.008147
 0.017186 0.007798 0.009978
v= 0.008306
dequeued node 1322, type NOT
0.000000, 1.897810, 3.795620
 0.004724 0.011031 0.015699
 0.017186 0.017202 0.022281
v= 0.016343
0.000000, 1.897810, 3.795620
 0.004724 0.006755 0.011086
 0.017186 0.009176 0.012015
v= 0.010333
dequeued node 1253, type NOT
0.000000, 0.365616, 1.897810
 0.004724 0.007266 0.011031
 0.017186 0.011759 0.017202
v= 0.013560
0.000000, 0.365616, 1.897810
 0.004724 0.003321 0.006755
 0.017186 0.006463 0.009176
v= 0.007516
dequeued node 1254, type NAND
0.000000, 0.365616, 1.854900
 0.004724 0.008963 0.012708
 0.017186 0.014183 0.018954
v= 0.015454
0.000000, 0.365616, 1.854900
 0.004724 0.008963 0.012708
 0.017186 0.014183 0.018954
v= 0.013308
0.000000, 0.365616, 1.854900
 0.004724 0.004754 0.008147
 0.017186 0.007798 0.009978
v= 0.008703
dequeued node 260, type NAND
0.000000, 0.365616, 1.854900
 0.004724 0.008963 0.012708
 0.017186 0.014183 0.018954
v= 0.015452
0.000000, 0.365616, 1.854900
 0.004724 0.008963 0.012708
 0.017186 0.014183 0.018954
v= 0.013308
0.000000, 0.365616, 1.854900
 0.004724 0.004754 0.008147
 0.017186 0.007798 0.009978
v= 0.008702
dequeued node 989, type NOT
0.000000, 0.365616, 1.897810
 0.004724 0.007266 0.011031
 0.017186 0.011759 0.017202
v= 0.013559
0.000000, 0.365616, 1.897810
 0.004724 0.003321 0.006755
 0.017186 0.006463 0.009176
v= 0.007515
dequeued node 257, type NAND
0.000000, 0.365616, 1.854900
 0.004724 0.008963 0.012708
 0.017186 0.014183 0.018954
v= 0.015452
0.000000, 0.365616, 1.854900
 0.004724 0.008963 0.012708
 0.017186 0.014183 0.018954
v= 0.013308
0.000000, 0.365616, 1.854900
 0.004724 0.004754 0.008147
 0.017186 0.007798 0.009978
v= 0.008702
dequeued node 999, type NOT
0.000000, 0.365616, 1.897810
 0.004724 0.007266 0.011031
 0.017186 0.011759 0.017202
v= 0.013559
0.000000, 0.365616, 1.897810
 0.004724 0.003321 0.006755
 0.017186 0.006463 0.009176
v= 0.007515
dequeued node 272, type NAND
0.000000, 0.365616, 1.854900
 0.004724 0.008963 0.012708
 0.017186 0.014183 0.018954
v= 0.015452
0.000000, 0.365616, 1.854900
 0.004724 0.008963 0.012708
 0.017186 0.014183 0.018954
v= 0.013308
0.000000, 0.365616, 1.854900
 0.004724 0.004754 0.008147
 0.017186 0.007798 0.009978
v= 0.008702
dequeued node 1039, type NOT
0.000000, 0.365616, 1.897810
 0.004724 0.007266 0.011031
 0.017186 0.011759 0.017202
v= 0.013559
0.000000, 0.365616, 1.897810
 0.004724 0.003321 0.006755
 0.017186 0.006463 0.009176
v= 0.007515
dequeued node 294, type NAND
0.000000, 0.365616, 1.854900
 0.004724 0.008963 0.012708
 0.017186 0.014183 0.018954
v= 0.015452
0.000000, 0.365616, 1.854900
 0.004724 0.008963 0.012708
 0.017186 0.014183 0.018954
v= 0.013308
0.000000, 0.365616, 1.854900
 0.004724 0.004754 0.008147
 0.017186 0.007798 0.009978
v= 0.008702
dequeued node 1049, type NOT
0.000000, 0.365616, 1.897810
 0.004724 0.007266 0.011031
 0.017186 0.011759 0.017202
v= 0.013559
0.000000, 0.365616, 1.897810
 0.004724 0.003321 0.006755
 0.017186 0.006463 0.009176
v= 0.007515
dequeued node 1000, type BUFF
0.000000, 1.895430, 3.790860
 0.004724 0.020757 0.025546
 0.017186 0.025664 0.030382
v= 0.025408
0.000000, 1.895430, 3.790860
 0.004724 0.007457 0.011571
 0.017186 0.007598 0.011622
v= 0.010521
dequeued node 1010, type BUFF
0.000000, 1.895430, 3.790860
 0.004724 0.020757 0.025546
 0.017186 0.025664 0.030382
v= 0.025408
0.000000, 1.895430, 3.790860
 0.004724 0.007457 0.011571
 0.017186 0.007598 0.011622
v= 0.010521
dequeued node 1233, type NAND
0.000000, 0.365616, 1.854900
 0.004724 0.008963 0.012708
 0.017186 0.014183 0.018954
v= 0.014886
0.000000, 0.365616, 1.854900
 0.004724 0.008963 0.012708
 0.017186 0.014183 0.018954
v= 0.013424
0.000000, 0.365616, 1.854900
 0.004724 0.004754 0.008147
 0.017186 0.007798 0.009978
v= 0.008021
dequeued node 1289, type NAND
0.000000, 0.365616, 1.854900
 0.004724 0.008963 0.012708
 0.017186 0.014183 0.018954
v= 0.014892
0.000000, 0.365616, 1.854900
 0.004724 0.008963 0.012708
 0.017186 0.014183 0.018954
v= 0.013424
0.000000, 0.365616, 1.854900
 0.004724 0.004754 0.008147
 0.017186 0.007798 0.009978
v= 0.008021
dequeued node 397, type NAND
0.000000, 0.365616, 1.854900
 0.004724 0.008963 0.012708
 0.017186 0.014183 0.018954
v= 0.014899
0.000000, 0.365616, 1.854900
 0.004724 0.008963 0.012708
 0.017186 0.014183 0.018954
v= 0.013424
0.000000, 0.365616, 1.854900
 0.004724 0.004754 0.008147
 0.017186 0.007798 0.009978
v= 0.008021
dequeued node 1109, type NOT
0.000000, 0.365616, 1.897810
 0.004724 0.007266 0.011031
 0.017186 0.011759 0.017202
v= 0.013559
0.000000, 0.365616, 1.897810
 0.004724 0.003321 0.006755
 0.017186 0.006463 0.009176
v= 0.007515
dequeued node 1110, type NAND
0.000000, 0.365616, 1.854900
 0.004724 0.008963 0.012708
 0.017186 0.014183 0.018954
v= 0.015452
0.000000, 0.365616, 1.854900
 0.004724 0.008963 0.012708
 0.017186 0.014183 0.018954
v= 0.013308
0.000000, 0.365616, 1.854900
 0.004724 0.004754 0.008147
 0.017186 0.007798 0.009978
v= 0.008702
dequeued node 333, type NAND
0.000000, 0.365616, 1.854900
 0.004724 0.008963 0.012708
 0.017186 0.014183 0.018954
v= 0.015452
0.000000, 0.365616, 1.854900
 0.004724 0.008963 0.012708
 0.017186 0.014183 0.018954
v= 0.013308
0.000000, 0.365616, 1.854900
 0.004724 0.004754 0.008147
 0.017186 0.007798 0.009978
v= 0.008702
dequeued node 1121, type NOT
0.000000, 0.365616, 1.897810
 0.004724 0.007266 0.011031
 0.017186 0.011759 0.017202
v= 0.013559
0.000000, 0.365616, 1.897810
 0.004724 0.003321 0.006755
 0.017186 0.006463 0.009176
v= 0.007515
dequeued node 1163, type NOT
0.000000, 0.365616, 1.897810
 0.004724 0.007266 0.011031
 0.017186 0.011759 0.017202
v= 0.013559
0.000000, 0.365616, 1.897810
 0.004724 0.003321 0.006755
 0.017186 0.006463 0.009176
v= 0.007515
dequeued node 1164, type NAND
0.000000, 0.365616, 1.854900
 0.004724 0.008963 0.012708
 0.017186 0.014183 0.018954
v= 0.015452
0.000000, 0.365616, 1.854900
 0.004724 0.008963 0.012708
 0.017186 0.014183 0.018954
v= 0.013309
0.000000, 0.365616, 1.854900
 0.004724 0.004754 0.008147
 0.017186 0.007798 0.009978
v= 0.008702
dequeued node 358, type NAND
0.000000, 0.365616, 1.854900
 0.004724 0.008963 0.012708
 0.017186 0.014183 0.018954
v= 0.015452
0.000000, 0.365616, 1.854900
 0.004724 0.008963 0.012708
 0.017186 0.014183 0.018954
v= 0.013309
0.000000, 0.365616, 1.854900
 0.004724 0.004754 0.008147
 0.017186 0.007798 0.009978
v= 0.008702
dequeued node 1175, type NOT
0.000000, 0.365616, 1.897810
 0.004724 0.007266 0.011031
 0.017186 0.011759 0.017202
v= 0.013559
0.000000, 0.365616, 1.897810
 0.004724 0.003321 0.006755
 0.017186 0.006463 0.009176
v= 0.007515
dequeued node 1265, type NOT
0.000000, 0.365616, 1.897810
 0.004724 0.007266 0.011031
 0.017186 0.011759 0.017202
v= 0.013559
0.000000, 0.365616, 1.897810
 0.004724 0.003321 0.006755
 0.017186 0.006463 0.009176
v= 0.007515
dequeued node 1266, type NAND
0.000000, 0.365616, 1.854900
 0.004724 0.008963 0.012708
 0.017186 0.014183 0.018954
v= 0.015452
0.000000, 0.365616, 1.854900
 0.004724 0.008963 0.012708
 0.017186 0.014183 0.018954
v= 0.013308
0.000000, 0.365616, 1.854900
 0.004724 0.004754 0.008147
 0.017186 0.007798 0.009978
v= 0.008702
dequeued node 388, type NAND
0.000000, 0.365616, 1.854900
 0.004724 0.008963 0.012708
 0.017186 0.014183 0.018954
v= 0.015452
0.000000, 0.365616, 1.854900
 0.004724 0.008963 0.012708
 0.017186 0.014183 0.018954
v= 0.013308
0.000000, 0.365616, 1.854900
 0.004724 0.004754 0.008147
 0.017186 0.007798 0.009978
v= 0.008702
dequeued node 1277, type NOT
0.000000, 0.365616, 1.897810
 0.004724 0.007266 0.011031
 0.017186 0.011759 0.017202
v= 0.013559
0.000000, 0.365616, 1.897810
 0.004724 0.003321 0.006755
 0.017186 0.006463 0.009176
v= 0.007515
dequeued node 1192, type NOT
0.000000, 0.365616, 1.897810
 0.004724 0.007266 0.011031
 0.017186 0.011759 0.017202
v= 0.012927
0.000000, 0.365616, 1.897810
 0.004724 0.003321 0.006755
 0.017186 0.006463 0.009176
v= 0.007238
dequeued node 308, type NAND
0.000000, 0.365616, 1.854900
 0.004724 0.008963 0.012708
 0.017186 0.014183 0.018954
v= 0.015452
0.000000, 0.365616, 1.854900
 0.004724 0.008963 0.012708
 0.017186 0.014183 0.018954
v= 0.013308
0.000000, 0.365616, 1.854900
 0.004724 0.004754 0.008147
 0.017186 0.007798 0.009978
v= 0.008702
dequeued node 1067, type NOT
0.000000, 0.365616, 1.897810
 0.004724 0.007266 0.011031
 0.017186 0.011759 0.017202
v= 0.013559
0.000000, 0.365616, 1.897810
 0.004724 0.003321 0.006755
 0.017186 0.006463 0.009176
v= 0.007515
dequeued node 305, type NAND
0.000000, 0.365616, 1.854900
 0.004724 0.008963 0.012708
 0.017186 0.014183 0.018954
v= 0.015452
0.000000, 0.365616, 1.854900
 0.004724 0.008963 0.012708
 0.017186 0.014183 0.018954
v= 0.013308
0.000000, 0.365616, 1.854900
 0.004724 0.004754 0.008147
 0.017186 0.007798 0.009978
v= 0.008702
dequeued node 1077, type NOT
0.000000, 0.365616, 1.897810
 0.004724 0.007266 0.011031
 0.017186 0.011759 0.017202
v= 0.013559
0.000000, 0.365616, 1.897810
 0.004724 0.003321 0.006755
 0.017186 0.006463 0.009176
v= 0.007515
dequeued node 1311, type NAND
0.000000, 0.365616, 1.854900
 0.004724 0.008963 0.012708
 0.017186 0.014183 0.018954
v= 0.014886
0.000000, 0.365616, 1.854900
 0.004724 0.008963 0.012708
 0.017186 0.014183 0.018954
v= 0.013424
0.000000, 0.365616, 1.854900
 0.004724 0.004754 0.008147
 0.017186 0.007798 0.009978
v= 0.008021
dequeued node 1220, type NOT
0.000000, 0.365616, 1.897810
 0.004724 0.007266 0.011031
 0.017186 0.011759 0.017202
v= 0.013559
0.000000, 0.365616, 1.897810
 0.004724 0.003321 0.006755
 0.017186 0.006463 0.009176
v= 0.007515
dequeued node 1381, type NOT
0.000000, 1.897810, 3.795620
 0.004724 0.011031 0.015699
 0.017186 0.017202 0.022281
v= 0.016339
0.000000, 1.897810, 3.795620
 0.004724 0.006755 0.011086
 0.017186 0.009176 0.012015
v= 0.010332
dequeued node 1330, type NOT
0.000000, 0.365616, 1.897810
 0.004724 0.007266 0.011031
 0.017186 0.011759 0.017202
v= 0.012927
0.000000, 0.365616, 1.897810
 0.004724 0.003321 0.006755
 0.017186 0.006463 0.009176
v= 0.007238
dequeued node 1255, type NAND
0.000000, 0.365616, 1.854900
 0.004724 0.008963 0.012708
 0.017186 0.014183 0.018954
v= 0.014886
0.000000, 0.365616, 1.854900
 0.004724 0.008963 0.012708
 0.017186 0.014183 0.018954
v= 0.013425
0.000000, 0.365616, 1.854900
 0.004724 0.004754 0.008147
 0.017186 0.007798 0.009978
v= 0.008021
dequeued node 261, type NAND
0.000000, 0.365616, 1.854900
 0.004724 0.008963 0.012708
 0.017186 0.014183 0.018954
v= 0.014888
0.000000, 0.365616, 1.854900
 0.004724 0.008963 0.012708
 0.017186 0.014183 0.018954
v= 0.013424
0.000000, 0.365616, 1.854900
 0.004724 0.004754 0.008147
 0.017186 0.007798 0.009978
v= 0.008021
dequeued node 258, type NAND
0.000000, 0.365616, 1.854900
 0.004724 0.008963 0.012708
 0.017186 0.014183 0.018954
v= 0.014888
0.000000, 0.365616, 1.854900
 0.004724 0.008963 0.012708
 0.017186 0.014183 0.018954
v= 0.013424
0.000000, 0.365616, 1.854900
 0.004724 0.004754 0.008147
 0.017186 0.007798 0.009978
v= 0.008021
dequeued node 273, type NAND
0.000000, 0.365616, 1.854900
 0.004724 0.008963 0.012708
 0.017186 0.014183 0.018954
v= 0.014888
0.000000, 0.365616, 1.854900
 0.004724 0.008963 0.012708
 0.017186 0.014183 0.018954
v= 0.013424
0.000000, 0.365616, 1.854900
 0.004724 0.004754 0.008147
 0.017186 0.007798 0.009978
v= 0.008021
dequeued node 295, type NAND
0.000000, 0.365616, 1.854900
 0.004724 0.008963 0.012708
 0.017186 0.014183 0.018954
v= 0.014888
0.000000, 0.365616, 1.854900
 0.004724 0.008963 0.012708
 0.017186 0.014183 0.018954
v= 0.013424
0.000000, 0.365616, 1.854900
 0.004724 0.004754 0.008147
 0.017186 0.007798 0.009978
v= 0.008021
dequeued node 1008, type NOT
0.000000, 0.365616, 1.897810
 0.004724 0.007266 0.011031
 0.017186 0.011759 0.017202
v= 0.013015
0.000000, 0.365616, 1.897810
 0.004724 0.003321 0.006755
 0.017186 0.006463 0.009176
v= 0.007277
dequeued node 1018, type NOT
0.000000, 0.365616, 1.897810
 0.004724 0.007266 0.011031
 0.017186 0.011759 0.017202
v= 0.013015
0.000000, 0.365616, 1.897810
 0.004724 0.003321 0.006755
 0.017186 0.006463 0.009176
v= 0.007277
dequeued node 1234, type NAND
0.000000, 1.854900, 3.709790
 0.004724 0.012708 0.017300
 0.017186 0.018954 0.023639
v= 0.018301
0.000000, 1.854900, 3.709790
 0.004724 0.012708 0.017300
 0.017186 0.018954 0.023639
v= 0.017955
0.000000, 1.854900, 3.709790
 0.004724 0.008147 0.012381
 0.017186 0.009978 0.013018
v= 0.011683
dequeued node 1865, type NAND
0.000000, 1.854900, 3.709790
 0.004724 0.012708 0.017300
 0.017186 0.018954 0.023639
v= 0.018301
0.000000, 1.854900, 3.709790
 0.004724 0.012708 0.017300
 0.017186 0.018954 0.023639
v= 0.017955
0.000000, 1.854900, 3.709790
 0.004724 0.008147 0.012381
 0.017186 0.009978 0.013018
v= 0.011683
dequeued node 398, type NAND
0.000000, 0.365616, 1.854900
 0.004724 0.008963 0.012708
 0.017186 0.014183 0.018954
v= 0.014279
0.000000, 0.365616, 1.854900
 0.004724 0.008963 0.012708
 0.017186 0.014183 0.018954
v= 0.013943
0.000000, 0.365616, 1.854900
 0.004724 0.004754 0.008147
 0.017186 0.007798 0.009978
v= 0.008312
dequeued node 1111, type NAND
0.000000, 0.365616, 1.854900
 0.004724 0.008963 0.012708
 0.017186 0.014183 0.018954
v= 0.014888
0.000000, 0.365616, 1.854900
 0.004724 0.008963 0.012708
 0.017186 0.014183 0.018954
v= 0.013424
0.000000, 0.365616, 1.854900
 0.004724 0.004754 0.008147
 0.017186 0.007798 0.009978
v= 0.008021
dequeued node 334, type NAND
0.000000, 0.365616, 1.854900
 0.004724 0.008963 0.012708
 0.017186 0.014183 0.018954
v= 0.014888
0.000000, 0.365616, 1.854900
 0.004724 0.008963 0.012708
 0.017186 0.014183 0.018954
v= 0.013424
0.000000, 0.365616, 1.854900
 0.004724 0.004754 0.008147
 0.017186 0.007798 0.009978
v= 0.008021
dequeued node 1165, type NAND
0.000000, 0.365616, 1.854900
 0.004724 0.008963 0.012708
 0.017186 0.014183 0.018954
v= 0.014892
0.000000, 0.365616, 1.854900
 0.004724 0.008963 0.012708
 0.017186 0.014183 0.018954
v= 0.013424
0.000000, 0.365616, 1.854900
 0.004724 0.004754 0.008147
 0.017186 0.007798 0.009978
v= 0.008021
dequeued node 359, type NAND
0.000000, 0.365616, 1.854900
 0.004724 0.008963 0.012708
 0.017186 0.014183 0.018954
v= 0.014892
0.000000, 0.365616, 1.854900
 0.004724 0.008963 0.012708
 0.017186 0.014183 0.018954
v= 0.013424
0.000000, 0.365616, 1.854900
 0.004724 0.004754 0.008147
 0.017186 0.007798 0.009978
v= 0.008021
dequeued node 1267, type NAND
0.000000, 0.365616, 1.854900
 0.004724 0.008963 0.012708
 0.017186 0.014183 0.018954
v= 0.014888
0.000000, 0.365616, 1.854900
 0.004724 0.008963 0.012708
 0.017186 0.014183 0.018954
v= 0.013424
0.000000, 0.365616, 1.854900
 0.004724 0.004754 0.008147
 0.017186 0.007798 0.009978
v= 0.008021
dequeued node 389, type NAND
0.000000, 0.365616, 1.854900
 0.004724 0.008963 0.012708
 0.017186 0.014183 0.018954
v= 0.014888
0.000000, 0.365616, 1.854900
 0.004724 0.008963 0.012708
 0.017186 0.014183 0.018954
v= 0.013424
0.000000, 0.365616, 1.854900
 0.004724 0.004754 0.008147
 0.017186 0.007798 0.009978
v= 0.008021
dequeued node 309, type NAND
0.000000, 0.365616, 1.854900
 0.004724 0.008963 0.012708
 0.017186 0.014183 0.018954
v= 0.014888
0.000000, 0.365616, 1.854900
 0.004724 0.008963 0.012708
 0.017186 0.014183 0.018954
v= 0.013424
0.000000, 0.365616, 1.854900
 0.004724 0.004754 0.008147
 0.017186 0.007798 0.009978
v= 0.008021
dequeued node 306, type NAND
0.000000, 0.365616, 1.854900
 0.004724 0.008963 0.012708
 0.017186 0.014183 0.018954
v= 0.014888
0.000000, 0.365616, 1.854900
 0.004724 0.008963 0.012708
 0.017186 0.014183 0.018954
v= 0.013424
0.000000, 0.365616, 1.854900
 0.004724 0.004754 0.008147
 0.017186 0.007798 0.009978
v= 0.008021
dequeued node 1862, type NAND
0.000000, 1.854900, 3.709790
 0.004724 0.012708 0.017300
 0.017186 0.018954 0.023639
v= 0.018301
0.000000, 1.854900, 3.709790
 0.004724 0.012708 0.017300
 0.017186 0.018954 0.023639
v= 0.017955
0.000000, 1.854900, 3.709790
 0.004724 0.008147 0.012381
 0.017186 0.009978 0.013018
v= 0.011683
dequeued node 1385, type NOT
0.000000, 0.365616, 1.897810
 0.004724 0.007266 0.011031
 0.017186 0.011759 0.017202
v= 0.012927
0.000000, 0.365616, 1.897810
 0.004724 0.003321 0.006755
 0.017186 0.006463 0.009176
v= 0.007238
dequeued node 1822, type NAND
0.000000, 1.854900, 3.709790
 0.004724 0.012708 0.017300
 0.017186 0.018954 0.023639
v= 0.018301
0.000000, 1.854900, 3.709790
 0.004724 0.012708 0.017300
 0.017186 0.018954 0.023639
v= 0.017955
0.000000, 1.854900, 3.709790
 0.004724 0.008147 0.012381
 0.017186 0.009978 0.013018
v= 0.011683
dequeued node 262, type NAND
0.000000, 1.854900, 3.709790
 0.004724 0.012708 0.017300
 0.017186 0.018954 0.023639
v= 0.014937
0.000000, 1.854900, 3.709790
 0.004724 0.012708 0.017300
 0.017186 0.018954 0.023639
v= 0.014596
0.000000, 1.854900, 3.709790
 0.004724 0.008147 0.012381
 0.017186 0.009978 0.013018
v= 0.008831
dequeued node 259, type NAND
0.000000, 0.365616, 1.854900
 0.004724 0.008963 0.012708
 0.017186 0.014183 0.018954
v= 0.014279
0.000000, 0.365616, 1.854900
 0.004724 0.008963 0.012708
 0.017186 0.014183 0.018954
v= 0.013943
0.000000, 0.365616, 1.854900
 0.004724 0.004754 0.008147
 0.017186 0.007798 0.009978
v= 0.008312
dequeued node 274, type NAND
0.000000, 1.854900, 3.709790
 0.004724 0.012708 0.017300
 0.017186 0.018954 0.023639
v= 0.014937
0.000000, 1.854900, 3.709790
 0.004724 0.012708 0.017300
 0.017186 0.018954 0.023639
v= 0.014596
0.000000, 1.854900, 3.709790
 0.004724 0.008147 0.012381
 0.017186 0.009978 0.013018
v= 0.008831
dequeued node 296, type NAND
0.000000, 0.365616, 1.854900
 0.004724 0.008963 0.012708
 0.017186 0.014183 0.018954
v= 0.014279
0.000000, 0.365616, 1.854900
 0.004724 0.008963 0.012708
 0.017186 0.014183 0.018954
v= 0.013943
0.000000, 0.365616, 1.854900
 0.004724 0.004754 0.008147
 0.017186 0.007798 0.009978
v= 0.008312
dequeued node 1242, type NOT
0.000000, 0.365616, 1.897810
 0.004724 0.007266 0.011031
 0.017186 0.011759 0.017202
v= 0.013560
0.000000, 0.365616, 1.897810
 0.004724 0.003321 0.006755
 0.017186 0.006463 0.009176
v= 0.007516
dequeued node 1869, type NOT
0.000000, 0.365616, 1.897810
 0.004724 0.007266 0.011031
 0.017186 0.011759 0.017202
v= 0.013560
0.000000, 0.365616, 1.897810
 0.004724 0.003321 0.006755
 0.017186 0.006463 0.009176
v= 0.007516
dequeued node 1886, type NOT
0.000000, 1.897810, 3.795620
 0.004724 0.011031 0.015699
 0.017186 0.017202 0.022281
v= 0.016343
0.000000, 1.897810, 3.795620
 0.004724 0.006755 0.011086
 0.017186 0.009176 0.012015
v= 0.010333
dequeued node 1798, type NAND
0.000000, 1.854900, 3.709790
 0.004724 0.012708 0.017300
 0.017186 0.018954 0.023639
v= 0.018301
0.000000, 1.854900, 3.709790
 0.004724 0.012708 0.017300
 0.017186 0.018954 0.023639
v= 0.017955
0.000000, 1.854900, 3.709790
 0.004724 0.008147 0.012381
 0.017186 0.009978 0.013018
v= 0.011683
dequeued node 335, type NAND
0.000000, 0.365616, 1.854900
 0.004724 0.008963 0.012708
 0.017186 0.014183 0.018954
v= 0.014279
0.000000, 0.365616, 1.854900
 0.004724 0.008963 0.012708
 0.017186 0.014183 0.018954
v= 0.013943
0.000000, 0.365616, 1.854900
 0.004724 0.004754 0.008147
 0.017186 0.007798 0.009978
v= 0.008312
dequeued node 1373, type NAND
0.000000, 1.854900, 3.709790
 0.004724 0.012708 0.017300
 0.017186 0.018954 0.023639
v= 0.018301
0.000000, 1.854900, 3.709790
 0.004724 0.012708 0.017300
 0.017186 0.018954 0.023639
v= 0.017955
0.000000, 1.854900, 3.709790
 0.004724 0.008147 0.012381
 0.017186 0.009978 0.013018
v= 0.011683
dequeued node 360, type NAND
0.000000, 0.365616, 1.854900
 0.004724 0.008963 0.012708
 0.017186 0.014183 0.018954
v= 0.014279
0.000000, 0.365616, 1.854900
 0.004724 0.008963 0.012708
 0.017186 0.014183 0.018954
v= 0.013943
0.000000, 0.365616, 1.854900
 0.004724 0.004754 0.008147
 0.017186 0.007798 0.009978
v= 0.008312
dequeued node 1825, type NAND
0.000000, 1.854900, 3.709790
 0.004724 0.012708 0.017300
 0.017186 0.018954 0.023639
v= 0.018301
0.000000, 1.854900, 3.709790
 0.004724 0.012708 0.017300
 0.017186 0.018954 0.023639
v= 0.017955
0.000000, 1.854900, 3.709790
 0.004724 0.008147 0.012381
 0.017186 0.009978 0.013018
v= 0.011683
dequeued node 390, type NAND
0.000000, 0.365616, 1.854900
 0.004724 0.008963 0.012708
 0.017186 0.014183 0.018954
v= 0.014279
0.000000, 0.365616, 1.854900
 0.004724 0.008963 0.012708
 0.017186 0.014183 0.018954
v= 0.013943
0.000000, 0.365616, 1.854900
 0.004724 0.004754 0.008147
 0.017186 0.007798 0.009978
v= 0.008312
dequeued node 310, type NAND
0.000000, 1.854900, 3.709790
 0.004724 0.012708 0.017300
 0.017186 0.018954 0.023639
v= 0.017366
0.000000, 1.854900, 3.709790
 0.004724 0.012708 0.017300
 0.017186 0.018954 0.023639
v= 0.017021
0.000000, 1.854900, 3.709790
 0.004724 0.008147 0.012381
 0.017186 0.009978 0.013018
v= 0.010890
dequeued node 307, type NAND
0.000000, 0.365616, 1.854900
 0.004724 0.008963 0.012708
 0.017186 0.014183 0.018954
v= 0.014279
0.000000, 0.365616, 1.854900
 0.004724 0.008963 0.012708
 0.017186 0.014183 0.018954
v= 0.013943
0.000000, 0.365616, 1.854900
 0.004724 0.004754 0.008147
 0.017186 0.007798 0.009978
v= 0.008312
dequeued node 1868, type NOT
0.000000, 0.365616, 1.897810
 0.004724 0.007266 0.011031
 0.017186 0.011759 0.017202
v= 0.013560
0.000000, 0.365616, 1.897810
 0.004724 0.003321 0.006755
 0.017186 0.006463 0.009176
v= 0.007516
dequeued node 1828, type NOT
0.000000, 0.365616, 1.897810
 0.004724 0.007266 0.011031
 0.017186 0.011759 0.017202
v= 0.013560
0.000000, 0.365616, 1.897810
 0.004724 0.003321 0.006755
 0.017186 0.006463 0.009176
v= 0.007516
dequeued node 1761, type BUFF
0.000000, 1.895430, 3.790860
 0.004724 0.020757 0.025546
 0.017186 0.025664 0.030382
v= 0.025904
0.000000, 1.895430, 3.790860
 0.004724 0.007457 0.011571
 0.017186 0.007598 0.011622
v= 0.010528
dequeued node 1769, type BUFF
0.000000, 1.895430, 3.790860
 0.004724 0.020757 0.025546
 0.017186 0.025664 0.030382
v= 0.025904
0.000000, 1.895430, 3.790860
 0.004724 0.007457 0.011571
 0.017186 0.007598 0.011622
v= 0.010528
dequeued node 265, type NOT
0.000000, 1.897810, 3.795620
 0.004724 0.011031 0.015699
 0.017186 0.017202 0.022281
v= 0.012938
0.000000, 1.897810, 3.795620
 0.004724 0.006755 0.011086
 0.017186 0.009176 0.012015
v= 0.007558
dequeued node 1670, type BUFF
0.000000, 1.895430, 3.790860
 0.004724 0.020757 0.025546
 0.017186 0.025664 0.030382
v= 0.025904
0.000000, 1.895430, 3.790860
 0.004724 0.007457 0.011571
 0.017186 0.007598 0.011622
v= 0.010528
dequeued node 1678, type BUFF
0.000000, 1.895430, 3.790860
 0.004724 0.020757 0.025546
 0.017186 0.025664 0.030382
v= 0.025904
0.000000, 1.895430, 3.790860
 0.004724 0.007457 0.011571
 0.017186 0.007598 0.011622
v= 0.010528
dequeued node 407, type NOT
0.000000, 1.897810, 3.795620
 0.004724 0.011031 0.015699
 0.017186 0.017202 0.022281
v= 0.012938
0.000000, 1.897810, 3.795620
 0.004724 0.006755 0.011086
 0.017186 0.009176 0.012015
v= 0.007558
dequeued node 1294, type NAND
0.000000, 0.365616, 1.854900
 0.004724 0.008963 0.012708
 0.017186 0.014183 0.018954
v= 0.015454
0.000000, 0.365616, 1.854900
 0.004724 0.008963 0.012708
 0.017186 0.014183 0.018954
v= 0.013425
0.000000, 0.365616, 1.854900
 0.004724 0.004754 0.008147
 0.017186 0.007798 0.009978
v= 0.008021
dequeued node 1892, type NOT
0.000000, 0.365616, 1.897810
 0.004724 0.007266 0.011031
 0.017186 0.011759 0.017202
v= 0.012927
0.000000, 0.365616, 1.897810
 0.004724 0.003321 0.006755
 0.017186 0.006463 0.009176
v= 0.007238
dequeued node 1804, type NOT
0.000000, 0.365616, 1.897810
 0.004724 0.007266 0.011031
 0.017186 0.011759 0.017202
v= 0.013560
0.000000, 0.365616, 1.897810
 0.004724 0.003321 0.006755
 0.017186 0.006463 0.009176
v= 0.007516
dequeued node 336, type NOT
0.000000, 1.897810, 3.795620
 0.004724 0.011031 0.015699
 0.017186 0.017202 0.022281
v= 0.015396
0.000000, 1.897810, 3.795620
 0.004724 0.006755 0.011086
 0.017186 0.009176 0.012015
v= 0.009562
dequeued node 1377, type NOT
0.000000, 0.365616, 1.897810
 0.004724 0.007266 0.011031
 0.017186 0.011759 0.017202
v= 0.013560
0.000000, 0.365616, 1.897810
 0.004724 0.003321 0.006755
 0.017186 0.006463 0.009176
v= 0.007516
dequeued node 1777, type NOT
0.000000, 1.897810, 3.795620
 0.004724 0.011031 0.015699
 0.017186 0.017202 0.022281
v= 0.016343
0.000000, 1.897810, 3.795620
 0.004724 0.006755 0.011086
 0.017186 0.009176 0.012015
v= 0.010333
dequeued node 1829, type NOT
0.000000, 0.365616, 1.897810
 0.004724 0.007266 0.011031
 0.017186 0.011759 0.017202
v= 0.013560
0.000000, 0.365616, 1.897810
 0.004724 0.003321 0.006755
 0.017186 0.006463 0.009176
v= 0.007516
dequeued node 1889, type NOT
0.000000, 1.897810, 3.795620
 0.004724 0.011031 0.015699
 0.017186 0.017202 0.022281
v= 0.016343
0.000000, 1.897810, 3.795620
 0.004724 0.006755 0.011086
 0.017186 0.009176 0.012015
v= 0.010333
dequeued node 410, type BUFF
0.000000, 1.895430, 3.790860
 0.004724 0.020757 0.025546
 0.017186 0.025664 0.030382
v= 0.023320
0.000000, 1.895430, 3.790860
 0.004724 0.007457 0.011571
 0.017186 0.007598 0.011622
v= 0.007642
dequeued node 1729, type BUFF
0.000000, 1.895430, 3.790860
 0.004724 0.020757 0.025546
 0.017186 0.025664 0.030382
v= 0.026706
0.000000, 1.895430, 3.790860
 0.004724 0.007457 0.011571
 0.017186 0.007598 0.011622
v= 0.010541
dequeued node 1737, type BUFF
0.000000, 1.895430, 3.790860
 0.004724 0.020757 0.025546
 0.017186 0.025664 0.030382
v= 0.026706
0.000000, 1.895430, 3.790860
 0.004724 0.007457 0.011571
 0.017186 0.007598 0.011622
v= 0.010541
dequeued node 314, type NOT
0.000000, 1.897810, 3.795620
 0.004724 0.011031 0.015699
 0.017186 0.017202 0.022281
v= 0.012938
0.000000, 1.897810, 3.795620
 0.004724 0.006755 0.011086
 0.017186 0.009176 0.012015
v= 0.007558
dequeued node 1293, type NAND
0.000000, 0.365616, 1.854900
 0.004724 0.008963 0.012708
 0.017186 0.014183 0.018954
v= 0.015454
0.000000, 0.365616, 1.854900
 0.004724 0.008963 0.012708
 0.017186 0.014183 0.018954
v= 0.013425
0.000000, 0.365616, 1.854900
 0.004724 0.004754 0.008147
 0.017186 0.007798 0.009978
v= 0.008021
dequeued node 1237, type NAND
0.000000, 0.365616, 1.854900
 0.004724 0.008963 0.012708
 0.017186 0.014183 0.018954
v= 0.015454
0.000000, 0.365616, 1.854900
 0.004724 0.008963 0.012708
 0.017186 0.014183 0.018954
v= 0.013425
0.000000, 0.365616, 1.854900
 0.004724 0.004754 0.008147
 0.017186 0.007798 0.009978
v= 0.008021
dequeued node 1765, type NOT
0.000000, 0.365616, 1.897810
 0.004724 0.007266 0.011031
 0.017186 0.011759 0.017202
v= 0.013019
0.000000, 0.365616, 1.897810
 0.004724 0.003321 0.006755
 0.017186 0.006463 0.009176
v= 0.007279
dequeued node 1773, type NOT
0.000000, 0.365616, 1.897810
 0.004724 0.007266 0.011031
 0.017186 0.011759 0.017202
v= 0.013019
0.000000, 0.365616, 1.897810
 0.004724 0.003321 0.006755
 0.017186 0.006463 0.009176
v= 0.007279
dequeued node 1673, type BUFF
0.000000, 1.895430, 3.790860
 0.004724 0.020757 0.025546
 0.017186 0.025664 0.030382
v= 0.025408
0.000000, 1.895430, 3.790860
 0.004724 0.007457 0.011571
 0.017186 0.007598 0.011622
v= 0.010521
dequeued node 1681, type BUFF
0.000000, 1.895430, 3.790860
 0.004724 0.020757 0.025546
 0.017186 0.025664 0.030382
v= 0.025408
0.000000, 1.895430, 3.790860
 0.004724 0.007457 0.011571
 0.017186 0.007598 0.011622
v= 0.010521
dequeued node 1676, type NOT
0.000000, 0.365616, 1.897810
 0.004724 0.007266 0.011031
 0.017186 0.011759 0.017202
v= 0.013019
0.000000, 0.365616, 1.897810
 0.004724 0.003321 0.006755
 0.017186 0.006463 0.009176
v= 0.007279
dequeued node 1684, type NOT
0.000000, 0.365616, 1.897810
 0.004724 0.007266 0.011031
 0.017186 0.011759 0.017202
v= 0.013019
0.000000, 0.365616, 1.897810
 0.004724 0.003321 0.006755
 0.017186 0.006463 0.009176
v= 0.007279
dequeued node 1340, type BUFF
0.000000, 1.895430, 3.790860
 0.004724 0.020757 0.025546
 0.017186 0.025664 0.030382
v= 0.025408
0.000000, 1.895430, 3.790860
 0.004724 0.007457 0.011571
 0.017186 0.007598 0.011622
v= 0.010521
dequeued node 1352, type BUFF
0.000000, 1.895430, 3.790860
 0.004724 0.020757 0.025546
 0.017186 0.025664 0.030382
v= 0.025408
0.000000, 1.895430, 3.790860
 0.004724 0.007457 0.011571
 0.017186 0.007598 0.011622
v= 0.010521
dequeued node 340, type BUFF
0.000000, 1.895430, 3.790860
 0.004724 0.020757 0.025546
 0.017186 0.025664 0.030382
v= 0.022797
0.000000, 1.895430, 3.790860
 0.004724 0.007457 0.011571
 0.017186 0.007598 0.011622
v= 0.007628
dequeued node 1897, type BUFF
0.000000, 1.895430, 3.790860
 0.004724 0.020757 0.025546
 0.017186 0.025664 0.030382
v= 0.026189
0.000000, 1.895430, 3.790860
 0.004724 0.007457 0.011571
 0.017186 0.007598 0.011622
v= 0.010533
dequeued node 1905, type BUFF
0.000000, 1.895430, 3.790860
 0.004724 0.020757 0.025546
 0.017186 0.025664 0.030382
v= 0.026189
0.000000, 1.895430, 3.790860
 0.004724 0.007457 0.011571
 0.017186 0.007598 0.011622
v= 0.010533
dequeued node 1781, type NOT
0.000000, 0.365616, 1.897810
 0.004724 0.007266 0.011031
 0.017186 0.011759 0.017202
v= 0.012927
0.000000, 0.365616, 1.897810
 0.004724 0.003321 0.006755
 0.017186 0.006463 0.009176
v= 0.007238
dequeued node 1238, type NAND
0.000000, 0.365616, 1.854900
 0.004724 0.008963 0.012708
 0.017186 0.014183 0.018954
v= 0.015454
0.000000, 0.365616, 1.854900
 0.004724 0.008963 0.012708
 0.017186 0.014183 0.018954
v= 0.013425
0.000000, 0.365616, 1.854900
 0.004724 0.004754 0.008147
 0.017186 0.007798 0.009978
v= 0.008021
dequeued node 1325, type NAND
0.000000, 0.365616, 1.854900
 0.004724 0.008963 0.012708
 0.017186 0.014183 0.018954
v= 0.014797
0.000000, 0.365616, 1.854900
 0.004724 0.008963 0.012708
 0.017186 0.014183 0.018954
v= 0.013289
0.000000, 0.365616, 1.854900
 0.004724 0.004754 0.008147
 0.017186 0.007798 0.009978
v= 0.008482
dequeued node 1893, type NOT
0.000000, 0.365616, 1.897810
 0.004724 0.007266 0.011031
 0.017186 0.011759 0.017202
v= 0.012927
0.000000, 0.365616, 1.897810
 0.004724 0.003321 0.006755
 0.017186 0.006463 0.009176
v= 0.007238
dequeued node 1894, type BUFF
0.000000, 1.895430, 3.790860
 0.004724 0.020757 0.025546
 0.017186 0.025664 0.030382
v= 0.025441
0.000000, 1.895430, 3.790860
 0.004724 0.007457 0.011571
 0.017186 0.007598 0.011622
v= 0.010521
dequeued node 1902, type BUFF
0.000000, 1.895430, 3.790860
 0.004724 0.020757 0.025546
 0.017186 0.025664 0.030382
v= 0.025441
0.000000, 1.895430, 3.790860
 0.004724 0.007457 0.011571
 0.017186 0.007598 0.011622
v= 0.010521
dequeued node 1081, type NAND
0.000000, 0.365616, 1.854900
 0.004724 0.008963 0.012708
 0.017186 0.014183 0.018954
v= 0.014898
0.000000, 0.365616, 1.854900
 0.004724 0.008963 0.012708
 0.017186 0.014183 0.018954
v= 0.013308
0.000000, 0.365616, 1.854900
 0.004724 0.004754 0.008147
 0.017186 0.007798 0.009978
v= 0.008516
dequeued node 1733, type NOT
0.000000, 0.365616, 1.897810
 0.004724 0.007266 0.011031
 0.017186 0.011759 0.017202
v= 0.013025
0.000000, 0.365616, 1.897810
 0.004724 0.003321 0.006755
 0.017186 0.006463 0.009176
v= 0.007281
dequeued node 1093, type NAND
0.000000, 0.365616, 1.854900
 0.004724 0.008963 0.012708
 0.017186 0.014183 0.018954
v= 0.014898
0.000000, 0.365616, 1.854900
 0.004724 0.008963 0.012708
 0.017186 0.014183 0.018954
v= 0.013308
0.000000, 0.365616, 1.854900
 0.004724 0.004754 0.008147
 0.017186 0.007798 0.009978
v= 0.008516
dequeued node 1741, type NOT
0.000000, 0.365616, 1.897810
 0.004724 0.007266 0.011031
 0.017186 0.011759 0.017202
v= 0.013025
0.000000, 0.365616, 1.897810
 0.004724 0.003321 0.006755
 0.017186 0.006463 0.009176
v= 0.007281
dequeued node 343, type BUFF
0.000000, 1.895430, 3.790860
 0.004724 0.020757 0.025546
 0.017186 0.025664 0.030382
v= 0.022009
0.000000, 1.895430, 3.790860
 0.004724 0.007457 0.011571
 0.017186 0.007598 0.011622
v= 0.007605
dequeued node 1801, type BUFF
0.000000, 1.895430, 3.790860
 0.004724 0.020757 0.025546
 0.017186 0.025664 0.030382
v= 0.025408
0.000000, 1.895430, 3.790860
 0.004724 0.007457 0.011571
 0.017186 0.007598 0.011622
v= 0.010521
dequeued node 1295, type NAND
0.000000, 1.854900, 3.709790
 0.004724 0.012708 0.017300
 0.017186 0.018954 0.023639
v= 0.017955
0.000000, 1.854900, 3.709790
 0.004724 0.012708 0.017300
 0.017186 0.018954 0.023639
v= 0.017955
0.000000, 1.854900, 3.709790
 0.004724 0.008147 0.012381
 0.017186 0.009978 0.013018
v= 0.011683
dequeued node 1677, type NOT
0.000000, 0.365616, 1.897810
 0.004724 0.007266 0.011031
 0.017186 0.011759 0.017202
v= 0.013016
0.000000, 0.365616, 1.897810
 0.004724 0.003321 0.006755
 0.017186 0.006463 0.009176
v= 0.007277
dequeued node 1685, type NOT
0.000000, 0.365616, 1.897810
 0.004724 0.007266 0.011031
 0.017186 0.011759 0.017202
v= 0.013016
0.000000, 0.365616, 1.897810
 0.004724 0.003321 0.006755
 0.017186 0.006463 0.009176
v= 0.007277
dequeued node 1003, type NAND
0.000000, 0.365616, 1.854900
 0.004724 0.008963 0.012708
 0.017186 0.014183 0.018954
v= 0.014888
0.000000, 0.365616, 1.854900
 0.004724 0.008963 0.012708
 0.017186 0.014183 0.018954
v= 0.013309
0.000000, 0.365616, 1.854900
 0.004724 0.004754 0.008147
 0.017186 0.007798 0.009978
v= 0.008513
dequeued node 1013, type NAND
0.000000, 0.365616, 1.854900
 0.004724 0.008963 0.012708
 0.017186 0.014183 0.018954
v= 0.014888
0.000000, 0.365616, 1.854900
 0.004724 0.008963 0.012708
 0.017186 0.014183 0.018954
v= 0.013309
0.000000, 0.365616, 1.854900
 0.004724 0.004754 0.008147
 0.017186 0.007798 0.009978
v= 0.008513
dequeued node 1348, type NOT
0.000000, 0.365616, 1.897810
 0.004724 0.007266 0.011031
 0.017186 0.011759 0.017202
v= 0.013016
0.000000, 0.365616, 1.897810
 0.004724 0.003321 0.006755
 0.017186 0.006463 0.009176
v= 0.007277
dequeued node 1360, type NOT
0.000000, 0.365616, 1.897810
 0.004724 0.007266 0.011031
 0.017186 0.011759 0.017202
v= 0.013016
0.000000, 0.365616, 1.897810
 0.004724 0.003321 0.006755
 0.017186 0.006463 0.009176
v= 0.007277
dequeued node 1122, type BUFF
0.000000, 1.895430, 3.790860
 0.004724 0.020757 0.025546
 0.017186 0.025664 0.030382
v= 0.025435
0.000000, 1.895430, 3.790860
 0.004724 0.007457 0.011571
 0.017186 0.007598 0.011622
v= 0.010521
dequeued node 1134, type BUFF
0.000000, 1.895430, 3.790860
 0.004724 0.020757 0.025546
 0.017186 0.025664 0.030382
v= 0.025435
0.000000, 1.895430, 3.790860
 0.004724 0.007457 0.011571
 0.017186 0.007598 0.011622
v= 0.010521
dequeued node 1901, type NOT
0.000000, 0.365616, 1.897810
 0.004724 0.007266 0.011031
 0.017186 0.011759 0.017202
v= 0.013021
0.000000, 0.365616, 1.897810
 0.004724 0.003321 0.006755
 0.017186 0.006463 0.009176
v= 0.007279
dequeued node 1909, type NOT
0.000000, 0.365616, 1.897810
 0.004724 0.007266 0.011031
 0.017186 0.011759 0.017202
v= 0.013021
0.000000, 0.365616, 1.897810
 0.004724 0.003321 0.006755
 0.017186 0.006463 0.009176
v= 0.007279
dequeued node 1239, type NAND
0.000000, 1.854900, 3.709790
 0.004724 0.012708 0.017300
 0.017186 0.018954 0.023639
v= 0.017955
0.000000, 1.854900, 3.709790
 0.004724 0.012708 0.017300
 0.017186 0.018954 0.023639
v= 0.017955
0.000000, 1.854900, 3.709790
 0.004724 0.008147 0.012381
 0.017186 0.009978 0.013018
v= 0.011683
dequeued node 1326, type NAND
0.000000, 0.365616, 1.854900
 0.004724 0.008963 0.012708
 0.017186 0.014183 0.018954
v= 0.014797
0.000000, 0.365616, 1.854900
 0.004724 0.008963 0.012708
 0.017186 0.014183 0.018954
v= 0.013289
0.000000, 0.365616, 1.854900
 0.004724 0.004754 0.008147
 0.017186 0.007798 0.009978
v= 0.007976
dequeued node 1900, type NOT
0.000000, 0.365616, 1.897810
 0.004724 0.007266 0.011031
 0.017186 0.011759 0.017202
v= 0.013016
0.000000, 0.365616, 1.897810
 0.004724 0.003321 0.006755
 0.017186 0.006463 0.009176
v= 0.007277
dequeued node 1908, type NOT
0.000000, 0.365616, 1.897810
 0.004724 0.007266 0.011031
 0.017186 0.011759 0.017202
v= 0.013016
0.000000, 0.365616, 1.897810
 0.004724 0.003321 0.006755
 0.017186 0.006463 0.009176
v= 0.007277
dequeued node 1082, type NAND
0.000000, 0.365616, 1.854900
 0.004724 0.008963 0.012708
 0.017186 0.014183 0.018954
v= 0.014888
0.000000, 0.365616, 1.854900
 0.004724 0.008963 0.012708
 0.017186 0.014183 0.018954
v= 0.013310
0.000000, 0.365616, 1.854900
 0.004724 0.004754 0.008147
 0.017186 0.007798 0.009978
v= 0.007983
dequeued node 1094, type NAND
0.000000, 0.365616, 1.854900
 0.004724 0.008963 0.012708
 0.017186 0.014183 0.018954
v= 0.014888
0.000000, 0.365616, 1.854900
 0.004724 0.008963 0.012708
 0.017186 0.014183 0.018954
v= 0.013310
0.000000, 0.365616, 1.854900
 0.004724 0.004754 0.008147
 0.017186 0.007798 0.009978
v= 0.007983
dequeued node 1758, type BUFF
0.000000, 1.895430, 3.790860
 0.004724 0.020757 0.025546
 0.017186 0.025664 0.030382
v= 0.025427
0.000000, 1.895430, 3.790860
 0.004724 0.007457 0.011571
 0.017186 0.007598 0.011622
v= 0.010521
dequeued node 1766, type BUFF
0.000000, 1.895430, 3.790860
 0.004724 0.020757 0.025546
 0.017186 0.025664 0.030382
v= 0.025427
0.000000, 1.895430, 3.790860
 0.004724 0.007457 0.011571
 0.017186 0.007598 0.011622
v= 0.010521
dequeued node 1187, type NAND
0.000000, 0.365616, 1.854900
 0.004724 0.008963 0.012708
 0.017186 0.014183 0.018954
v= 0.014888
0.000000, 0.365616, 1.854900
 0.004724 0.008963 0.012708
 0.017186 0.014183 0.018954
v= 0.013425
0.000000, 0.365616, 1.854900
 0.004724 0.004754 0.008147
 0.017186 0.007798 0.009978
v= 0.008513
dequeued node 1805, type NOT
0.000000, 0.365616, 1.897810
 0.004724 0.007266 0.011031
 0.017186 0.011759 0.017202
v= 0.013016
0.000000, 0.365616, 1.897810
 0.004724 0.003321 0.006755
 0.017186 0.006463 0.009176
v= 0.007277
dequeued node 391, type NAND
0.000000, 0.365616, 1.854900
 0.004724 0.008963 0.012708
 0.017186 0.014183 0.018954
v= 0.015454
0.000000, 0.365616, 1.854900
 0.004724 0.008963 0.012708
 0.017186 0.014183 0.018954
v= 0.013440
0.000000, 0.365616, 1.854900
 0.004724 0.004754 0.008147
 0.017186 0.007798 0.009978
v= 0.008703
dequeued node 1299, type NOT
0.000000, 0.365616, 1.897810
 0.004724 0.007266 0.011031
 0.017186 0.011759 0.017202
v= 0.013560
0.000000, 0.365616, 1.897810
 0.004724 0.003321 0.006755
 0.017186 0.006463 0.009176
v= 0.007516
dequeued node 1004, type NAND
0.000000, 0.365616, 1.854900
 0.004724 0.008963 0.012708
 0.017186 0.014183 0.018954
v= 0.014892
0.000000, 0.365616, 1.854900
 0.004724 0.008963 0.012708
 0.017186 0.014183 0.018954
v= 0.013308
0.000000, 0.365616, 1.854900
 0.004724 0.004754 0.008147
 0.017186 0.007798 0.009978
v= 0.007982
dequeued node 1014, type NAND
0.000000, 0.365616, 1.854900
 0.004724 0.008963 0.012708
 0.017186 0.014183 0.018954
v= 0.014892
0.000000, 0.365616, 1.854900
 0.004724 0.008963 0.012708
 0.017186 0.014183 0.018954
v= 0.013308
0.000000, 0.365616, 1.854900
 0.004724 0.004754 0.008147
 0.017186 0.007798 0.009978
v= 0.007982
dequeued node 1130, type NOT
0.000000, 0.365616, 1.897810
 0.004724 0.007266 0.011031
 0.017186 0.011759 0.017202
v= 0.013016
0.000000, 0.365616, 1.897810
 0.004724 0.003321 0.006755
 0.017186 0.006463 0.009176
v= 0.007277
dequeued node 1142, type NOT
0.000000, 0.365616, 1.897810
 0.004724 0.007266 0.011031
 0.017186 0.011759 0.017202
v= 0.013016
0.000000, 0.365616, 1.897810
 0.004724 0.003321 0.006755
 0.017186 0.006463 0.009176
v= 0.007277
dequeued node 1344, type NAND
0.000000, 0.365616, 1.854900
 0.004724 0.008963 0.012708
 0.017186 0.014183 0.018954
v= 0.014888
0.000000, 0.365616, 1.854900
 0.004724 0.008963 0.012708
 0.017186 0.014183 0.018954
v= 0.013309
0.000000, 0.365616, 1.854900
 0.004724 0.004754 0.008147
 0.017186 0.007798 0.009978
v= 0.008513
dequeued node 1356, type NAND
0.000000, 0.365616, 1.854900
 0.004724 0.008963 0.012708
 0.017186 0.014183 0.018954
v= 0.014888
0.000000, 0.365616, 1.854900
 0.004724 0.008963 0.012708
 0.017186 0.014183 0.018954
v= 0.013309
0.000000, 0.365616, 1.854900
 0.004724 0.004754 0.008147
 0.017186 0.007798 0.009978
v= 0.008513
dequeued node 377, type NAND
0.000000, 0.365616, 1.854900
 0.004724 0.008963 0.012708
 0.017186 0.014183 0.018954
v= 0.015454
0.000000, 0.365616, 1.854900
 0.004724 0.008963 0.012708
 0.017186 0.014183 0.018954
v= 0.013425
0.000000, 0.365616, 1.854900
 0.004724 0.004754 0.008147
 0.017186 0.007798 0.009978
v= 0.008703
dequeued node 1243, type NOT
0.000000, 0.365616, 1.897810
 0.004724 0.007266 0.011031
 0.017186 0.011759 0.017202
v= 0.013560
0.000000, 0.365616, 1.897810
 0.004724 0.003321 0.006755
 0.017186 0.006463 0.009176
v= 0.007516
dequeued node 1327, type NAND
0.000000, 1.854900, 3.709790
 0.004724 0.012708 0.017300
 0.017186 0.018954 0.023639
v= 0.018189
0.000000, 1.854900, 3.709790
 0.004724 0.012708 0.017300
 0.017186 0.018954 0.023639
v= 0.017932
0.000000, 1.854900, 3.709790
 0.004724 0.008147 0.012381
 0.017186 0.009978 0.013018
v= 0.011679
dequeued node 1343, type NAND
0.000000, 0.365616, 1.854900
 0.004724 0.008963 0.012708
 0.017186 0.014183 0.018954
v= 0.014894
0.000000, 0.365616, 1.854900
 0.004724 0.008963 0.012708
 0.017186 0.014183 0.018954
v= 0.013308
0.000000, 0.365616, 1.854900
 0.004724 0.004754 0.008147
 0.017186 0.007798 0.009978
v= 0.007982
dequeued node 1355, type NAND
0.000000, 0.365616, 1.854900
 0.004724 0.008963 0.012708
 0.017186 0.014183 0.018954
v= 0.014894
0.000000, 0.365616, 1.854900
 0.004724 0.008963 0.012708
 0.017186 0.014183 0.018954
v= 0.013308
0.000000, 0.365616, 1.854900
 0.004724 0.004754 0.008147
 0.017186 0.007798 0.009978
v= 0.007982
dequeued node 1083, type NAND
0.000000, 1.854900, 3.709790
 0.004724 0.012708 0.017300
 0.017186 0.018954 0.023639
v= 0.018206
0.000000, 1.854900, 3.709790
 0.004724 0.012708 0.017300
 0.017186 0.018954 0.023639
v= 0.017936
0.000000, 1.854900, 3.709790
 0.004724 0.008147 0.012381
 0.017186 0.009978 0.013018
v= 0.011680
dequeued node 1095, type NAND
0.000000, 1.854900, 3.709790
 0.004724 0.012708 0.017300
 0.017186 0.018954 0.023639
v= 0.018206
0.000000, 1.854900, 3.709790
 0.004724 0.012708 0.017300
 0.017186 0.018954 0.023639
v= 0.017936
0.000000, 1.854900, 3.709790
 0.004724 0.008147 0.012381
 0.017186 0.009978 0.013018
v= 0.011680
dequeued node 1764, type NOT
0.000000, 0.365616, 1.897810
 0.004724 0.007266 0.011031
 0.017186 0.011759 0.017202
v= 0.013016
0.000000, 0.365616, 1.897810
 0.004724 0.003321 0.006755
 0.017186 0.006463 0.009176
v= 0.007277
dequeued node 1126, type NAND
0.000000, 0.365616, 1.854900
 0.004724 0.008963 0.012708
 0.017186 0.014183 0.018954
v= 0.014888
0.000000, 0.365616, 1.854900
 0.004724 0.008963 0.012708
 0.017186 0.014183 0.018954
v= 0.013309
0.000000, 0.365616, 1.854900
 0.004724 0.004754 0.008147
 0.017186 0.007798 0.009978
v= 0.008513
dequeued node 1772, type NOT
0.000000, 0.365616, 1.897810
 0.004724 0.007266 0.011031
 0.017186 0.011759 0.017202
v= 0.013016
0.000000, 0.365616, 1.897810
 0.004724 0.003321 0.006755
 0.017186 0.006463 0.009176
v= 0.007277
dequeued node 1138, type NAND
0.000000, 0.365616, 1.854900
 0.004724 0.008963 0.012708
 0.017186 0.014183 0.018954
v= 0.014888
0.000000, 0.365616, 1.854900
 0.004724 0.008963 0.012708
 0.017186 0.014183 0.018954
v= 0.013309
0.000000, 0.365616, 1.854900
 0.004724 0.004754 0.008147
 0.017186 0.007798 0.009978
v= 0.008513
dequeued node 1188, type NAND
0.000000, 0.365616, 1.854900
 0.004724 0.008963 0.012708
 0.017186 0.014183 0.018954
v= 0.015454
0.000000, 0.365616, 1.854900
 0.004724 0.008963 0.012708
 0.017186 0.014183 0.018954
v= 0.013308
0.000000, 0.365616, 1.854900
 0.004724 0.004754 0.008147
 0.017186 0.007798 0.009978
v= 0.007982
dequeued node 392, type NAND
0.000000, 0.365616, 1.854900
 0.004724 0.008963 0.012708
 0.017186 0.014183 0.018954
v= 0.015530
0.000000, 0.365616, 1.854900
 0.004724 0.008963 0.012708
 0.017186 0.014183 0.018954
v= 0.013425
0.000000, 0.365616, 1.854900
 0.004724 0.004754 0.008147
 0.017186 0.007798 0.009978
v= 0.008021
dequeued node 1005, type NAND
0.000000, 1.854900, 3.709790
 0.004724 0.012708 0.017300
 0.017186 0.018954 0.023639
v= 0.018205
0.000000, 1.854900, 3.709790
 0.004724 0.012708 0.017300
 0.017186 0.018954 0.023639
v= 0.017936
0.000000, 1.854900, 3.709790
 0.004724 0.008147 0.012381
 0.017186 0.009978 0.013018
v= 0.011680
dequeued node 1015, type NAND
0.000000, 1.854900, 3.709790
 0.004724 0.012708 0.017300
 0.017186 0.018954 0.023639
v= 0.018205
0.000000, 1.854900, 3.709790
 0.004724 0.012708 0.017300
 0.017186 0.018954 0.023639
v= 0.017936
0.000000, 1.854900, 3.709790
 0.004724 0.008147 0.012381
 0.017186 0.009978 0.013018
v= 0.011680
dequeued node 378, type NAND
0.000000, 0.365616, 1.854900
 0.004724 0.008963 0.012708
 0.017186 0.014183 0.018954
v= 0.015454
0.000000, 0.365616, 1.854900
 0.004724 0.008963 0.012708
 0.017186 0.014183 0.018954
v= 0.013425
0.000000, 0.365616, 1.854900
 0.004724 0.004754 0.008147
 0.017186 0.007798 0.009978
v= 0.008021
dequeued node 399, type NAND
0.000000, 0.365616, 1.854900
 0.004724 0.008963 0.012708
 0.017186 0.014183 0.018954
v= 0.015452
0.000000, 0.365616, 1.854900
 0.004724 0.008963 0.012708
 0.017186 0.014183 0.018954
v= 0.013289
0.000000, 0.365616, 1.854900
 0.004724 0.004754 0.008147
 0.017186 0.007798 0.009978
v= 0.008702
dequeued node 1331, type NOT
0.000000, 0.365616, 1.897810
 0.004724 0.007266 0.011031
 0.017186 0.011759 0.017202
v= 0.013559
0.000000, 0.365616, 1.897810
 0.004724 0.003321 0.006755
 0.017186 0.006463 0.009176
v= 0.007515
dequeued node 1345, type NAND
0.000000, 1.854900, 3.709790
 0.004724 0.012708 0.017300
 0.017186 0.018954 0.023639
v= 0.017936
0.000000, 1.854900, 3.709790
 0.004724 0.012708 0.017300
 0.017186 0.018954 0.023639
v= 0.018205
0.000000, 1.854900, 3.709790
 0.004724 0.008147 0.012381
 0.017186 0.009978 0.013018
v= 0.011680
dequeued node 1357, type NAND
0.000000, 1.854900, 3.709790
 0.004724 0.012708 0.017300
 0.017186 0.018954 0.023639
v= 0.017936
0.000000, 1.854900, 3.709790
 0.004724 0.012708 0.017300
 0.017186 0.018954 0.023639
v= 0.018205
0.000000, 1.854900, 3.709790
 0.004724 0.008147 0.012381
 0.017186 0.009978 0.013018
v= 0.011680
dequeued node 1087, type NOT
0.000000, 0.365616, 1.897810
 0.004724 0.007266 0.011031
 0.017186 0.011759 0.017202
v= 0.013559
0.000000, 0.365616, 1.897810
 0.004724 0.003321 0.006755
 0.017186 0.006463 0.009176
v= 0.007515
dequeued node 1088, type NAND
0.000000, 0.365616, 1.854900
 0.004724 0.008963 0.012708
 0.017186 0.014183 0.018954
v= 0.015452
0.000000, 0.365616, 1.854900
 0.004724 0.008963 0.012708
 0.017186 0.014183 0.018954
v= 0.013309
0.000000, 0.365616, 1.854900
 0.004724 0.004754 0.008147
 0.017186 0.007798 0.009978
v= 0.008702
dequeued node 324, type NAND
0.000000, 0.365616, 1.854900
 0.004724 0.008963 0.012708
 0.017186 0.014183 0.018954
v= 0.015452
0.000000, 0.365616, 1.854900
 0.004724 0.008963 0.012708
 0.017186 0.014183 0.018954
v= 0.013309
0.000000, 0.365616, 1.854900
 0.004724 0.004754 0.008147
 0.017186 0.007798 0.009978
v= 0.008702
dequeued node 1099, type NOT
0.000000, 0.365616, 1.897810
 0.004724 0.007266 0.011031
 0.017186 0.011759 0.017202
v= 0.013559
0.000000, 0.365616, 1.897810
 0.004724 0.003321 0.006755
 0.017186 0.006463 0.009176
v= 0.007515
dequeued node 1125, type NAND
0.000000, 0.365616, 1.854900
 0.004724 0.008963 0.012708
 0.017186 0.014183 0.018954
v= 0.014892
0.000000, 0.365616, 1.854900
 0.004724 0.008963 0.012708
 0.017186 0.014183 0.018954
v= 0.013308
0.000000, 0.365616, 1.854900
 0.004724 0.004754 0.008147
 0.017186 0.007798 0.009978
v= 0.007982
dequeued node 1137, type NAND
0.000000, 0.365616, 1.854900
 0.004724 0.008963 0.012708
 0.017186 0.014183 0.018954
v= 0.014892
0.000000, 0.365616, 1.854900
 0.004724 0.008963 0.012708
 0.017186 0.014183 0.018954
v= 0.013308
0.000000, 0.365616, 1.854900
 0.004724 0.004754 0.008147
 0.017186 0.007798 0.009978
v= 0.007982
dequeued node 1189, type NAND
0.000000, 1.854900, 3.709790
 0.004724 0.012708 0.017300
 0.017186 0.018954 0.023639
v= 0.018205
0.000000, 1.854900, 3.709790
 0.004724 0.012708 0.017300
 0.017186 0.018954 0.023639
v= 0.017936
0.000000, 1.854900, 3.709790
 0.004724 0.008147 0.012381
 0.017186 0.009978 0.013018
v= 0.011680
dequeued node 393, type NAND
0.000000, 1.854900, 3.709790
 0.004724 0.012708 0.017300
 0.017186 0.018954 0.023639
v= 0.016493
0.000000, 1.854900, 3.709790
 0.004724 0.012708 0.017300
 0.017186 0.018954 0.023639
v= 0.016150
0.000000, 1.854900, 3.709790
 0.004724 0.008147 0.012381
 0.017186 0.009978 0.013018
v= 0.010150
dequeued node 280, type NAND
0.000000, 0.365616, 1.854900
 0.004724 0.008963 0.012708
 0.017186 0.014183 0.018954
v= 0.015452
0.000000, 0.365616, 1.854900
 0.004724 0.008963 0.012708
 0.017186 0.014183 0.018954
v= 0.013308
0.000000, 0.365616, 1.854900
 0.004724 0.004754 0.008147
 0.017186 0.007798 0.009978
v= 0.008702
dequeued node 1009, type NOT
0.000000, 0.365616, 1.897810
 0.004724 0.007266 0.011031
 0.017186 0.011759 0.017202
v= 0.013559
0.000000, 0.365616, 1.897810
 0.004724 0.003321 0.006755
 0.017186 0.006463 0.009176
v= 0.007515
dequeued node 277, type NAND
0.000000, 0.365616, 1.854900
 0.004724 0.008963 0.012708
 0.017186 0.014183 0.018954
v= 0.015452
0.000000, 0.365616, 1.854900
 0.004724 0.008963 0.012708
 0.017186 0.014183 0.018954
v= 0.013308
0.000000, 0.365616, 1.854900
 0.004724 0.004754 0.008147
 0.017186 0.007798 0.009978
v= 0.008702
dequeued node 1019, type NOT
0.000000, 0.365616, 1.897810
 0.004724 0.007266 0.011031
 0.017186 0.011759 0.017202
v= 0.013559
0.000000, 0.365616, 1.897810
 0.004724 0.003321 0.006755
 0.017186 0.006463 0.009176
v= 0.007515
dequeued node 379, type NAND
0.000000, 1.854900, 3.709790
 0.004724 0.012708 0.017300
 0.017186 0.018954 0.023639
v= 0.016493
0.000000, 1.854900, 3.709790
 0.004724 0.012708 0.017300
 0.017186 0.018954 0.023639
v= 0.016150
0.000000, 1.854900, 3.709790
 0.004724 0.008147 0.012381
 0.017186 0.009978 0.013018
v= 0.010150
dequeued node 400, type NAND
0.000000, 0.365616, 1.854900
 0.004724 0.008963 0.012708
 0.017186 0.014183 0.018954
v= 0.014797
0.000000, 0.365616, 1.854900
 0.004724 0.008963 0.012708
 0.017186 0.014183 0.018954
v= 0.013424
0.000000, 0.365616, 1.854900
 0.004724 0.004754 0.008147
 0.017186 0.007798 0.009978
v= 0.008021
dequeued node 1349, type NOT
0.000000, 0.365616, 1.897810
 0.004724 0.007266 0.011031
 0.017186 0.011759 0.017202
v= 0.013559
0.000000, 0.365616, 1.897810
 0.004724 0.003321 0.006755
 0.017186 0.006463 0.009176
v= 0.007515
dequeued node 1350, type NAND
0.000000, 0.365616, 1.854900
 0.004724 0.008963 0.012708
 0.017186 0.014183 0.018954
v= 0.015452
0.000000, 0.365616, 1.854900
 0.004724 0.008963 0.012708
 0.017186 0.014183 0.018954
v= 0.013308
0.000000, 0.365616, 1.854900
 0.004724 0.004754 0.008147
 0.017186 0.007798 0.009978
v= 0.008702
dequeued node 413, type NAND
0.000000, 0.365616, 1.854900
 0.004724 0.008963 0.012708
 0.017186 0.014183 0.018954
v= 0.015452
0.000000, 0.365616, 1.854900
 0.004724 0.008963 0.012708
 0.017186 0.014183 0.018954
v= 0.013308
0.000000, 0.365616, 1.854900
 0.004724 0.004754 0.008147
 0.017186 0.007798 0.009978
v= 0.008702
dequeued node 1361, type NOT
0.000000, 0.365616, 1.897810
 0.004724 0.007266 0.011031
 0.017186 0.011759 0.017202
v= 0.013559
0.000000, 0.365616, 1.897810
 0.004724 0.003321 0.006755
 0.017186 0.006463 0.009176
v= 0.007515
dequeued node 1089, type NAND
0.000000, 0.365616, 1.854900
 0.004724 0.008963 0.012708
 0.017186 0.014183 0.018954
v= 0.014892
0.000000, 0.365616, 1.854900
 0.004724 0.008963 0.012708
 0.017186 0.014183 0.018954
v= 0.013424
0.000000, 0.365616, 1.854900
 0.004724 0.004754 0.008147
 0.017186 0.007798 0.009978
v= 0.008021
dequeued node 325, type NAND
0.000000, 0.365616, 1.854900
 0.004724 0.008963 0.012708
 0.017186 0.014183 0.018954
v= 0.014892
0.000000, 0.365616, 1.854900
 0.004724 0.008963 0.012708
 0.017186 0.014183 0.018954
v= 0.013424
0.000000, 0.365616, 1.854900
 0.004724 0.004754 0.008147
 0.017186 0.007798 0.009978
v= 0.008021
dequeued node 1127, type NAND
0.000000, 1.854900, 3.709790
 0.004724 0.012708 0.017300
 0.017186 0.018954 0.023639
v= 0.017936
0.000000, 1.854900, 3.709790
 0.004724 0.012708 0.017300
 0.017186 0.018954 0.023639
v= 0.018205
0.000000, 1.854900, 3.709790
 0.004724 0.008147 0.012381
 0.017186 0.009978 0.013018
v= 0.011680
dequeued node 1139, type NAND
0.000000, 1.854900, 3.709790
 0.004724 0.012708 0.017300
 0.017186 0.018954 0.023639
v= 0.017936
0.000000, 1.854900, 3.709790
 0.004724 0.012708 0.017300
 0.017186 0.018954 0.023639
v= 0.018205
0.000000, 1.854900, 3.709790
 0.004724 0.008147 0.012381
 0.017186 0.009978 0.013018
v= 0.011680
dequeued node 364, type NAND
0.000000, 0.365616, 1.854900
 0.004724 0.008963 0.012708
 0.017186 0.014183 0.018954
v= 0.015452
0.000000, 0.365616, 1.854900
 0.004724 0.008963 0.012708
 0.017186 0.014183 0.018954
v= 0.013289
0.000000, 0.365616, 1.854900
 0.004724 0.004754 0.008147
 0.017186 0.007798 0.009978
v= 0.008702
dequeued node 1193, type NOT
0.000000, 0.365616, 1.897810
 0.004724 0.007266 0.011031
 0.017186 0.011759 0.017202
v= 0.013559
0.000000, 0.365616, 1.897810
 0.004724 0.003321 0.006755
 0.017186 0.006463 0.009176
v= 0.007515
dequeued node 449, type NAND
0.000000, 1.854900, 3.709790
 0.004724 0.012708 0.017300
 0.017186 0.018954 0.023639
v= 0.015663
0.000000, 1.854900, 3.709790
 0.017186 0.018954 0.023639
 0.040984 0.026671 0.033636
v= 0.021542
0.000000, 1.854900, 3.709790
 0.004724 0.008147 0.012381
 0.017186 0.009978 0.013018
v= 0.009133
dequeued node 1397, type BUFF
0.000000, 1.895430, 3.790860
 0.004724 0.020757 0.025546
 0.017186 0.025664 0.030382
v= 0.026418
0.000000, 1.895430, 3.790860
 0.004724 0.007457 0.011571
 0.017186 0.007598 0.011622
v= 0.010536
dequeued node 281, type NAND
0.000000, 0.365616, 1.854900
 0.004724 0.008963 0.012708
 0.017186 0.014183 0.018954
v= 0.014888
0.000000, 0.365616, 1.854900
 0.004724 0.008963 0.012708
 0.017186 0.014183 0.018954
v= 0.013424
0.000000, 0.365616, 1.854900
 0.004724 0.004754 0.008147
 0.017186 0.007798 0.009978
v= 0.008021
dequeued node 278, type NAND
0.000000, 0.365616, 1.854900
 0.004724 0.008963 0.012708
 0.017186 0.014183 0.018954
v= 0.014888
0.000000, 0.365616, 1.854900
 0.004724 0.008963 0.012708
 0.017186 0.014183 0.018954
v= 0.013424
0.000000, 0.365616, 1.854900
 0.004724 0.004754 0.008147
 0.017186 0.007798 0.009978
v= 0.008021
dequeued node 445, type NAND
0.000000, 1.854900, 3.709790
 0.004724 0.012708 0.017300
 0.017186 0.018954 0.023639
v= 0.015663
0.000000, 1.854900, 3.709790
 0.017186 0.018954 0.023639
 0.040984 0.026671 0.033636
v= 0.021542
0.000000, 1.854900, 3.709790
 0.004724 0.008147 0.012381
 0.017186 0.009978 0.013018
v= 0.009133
dequeued node 1389, type BUFF
0.000000, 1.895430, 3.790860
 0.004724 0.020757 0.025546
 0.017186 0.025664 0.030382
v= 0.026418
0.000000, 1.895430, 3.790860
 0.004724 0.007457 0.011571
 0.017186 0.007598 0.011622
v= 0.010536
dequeued node 401, type NAND
0.000000, 1.854900, 3.709790
 0.004724 0.012708 0.017300
 0.017186 0.018954 0.023639
v= 0.016493
0.000000, 1.854900, 3.709790
 0.004724 0.012708 0.017300
 0.017186 0.018954 0.023639
v= 0.016150
0.000000, 1.854900, 3.709790
 0.004724 0.008147 0.012381
 0.017186 0.009978 0.013018
v= 0.010150
dequeued node 1351, type NAND
0.000000, 0.365616, 1.854900
 0.004724 0.008963 0.012708
 0.017186 0.014183 0.018954
v= 0.014888
0.000000, 0.365616, 1.854900
 0.004724 0.008963 0.012708
 0.017186 0.014183 0.018954
v= 0.013424
0.000000, 0.365616, 1.854900
 0.004724 0.004754 0.008147
 0.017186 0.007798 0.009978
v= 0.008021
dequeued node 414, type NAND
0.000000, 0.365616, 1.854900
 0.004724 0.008963 0.012708
 0.017186 0.014183 0.018954
v= 0.014888
0.000000, 0.365616, 1.854900
 0.004724 0.008963 0.012708
 0.017186 0.014183 0.018954
v= 0.013424
0.000000, 0.365616, 1.854900
 0.004724 0.004754 0.008147
 0.017186 0.007798 0.009978
v= 0.008021
dequeued node 1689, type NAND
0.000000, 1.854900, 3.709790
 0.004724 0.012708 0.017300
 0.017186 0.018954 0.023639
v= 0.018301
0.000000, 1.854900, 3.709790
 0.004724 0.012708 0.017300
 0.017186 0.018954 0.023639
v= 0.017955
0.000000, 1.854900, 3.709790
 0.004724 0.008147 0.012381
 0.017186 0.009978 0.013018
v= 0.011683
dequeued node 326, type NAND
0.000000, 0.365616, 1.854900
 0.004724 0.008963 0.012708
 0.017186 0.014183 0.018954
v= 0.014279
0.000000, 0.365616, 1.854900
 0.004724 0.008963 0.012708
 0.017186 0.014183 0.018954
v= 0.013943
0.000000, 0.365616, 1.854900
 0.004724 0.004754 0.008147
 0.017186 0.007798 0.009978
v= 0.008312
dequeued node 1131, type NOT
0.000000, 0.365616, 1.897810
 0.004724 0.007266 0.011031
 0.017186 0.011759 0.017202
v= 0.013559
0.000000, 0.365616, 1.897810
 0.004724 0.003321 0.006755
 0.017186 0.006463 0.009176
v= 0.007515
dequeued node 1132, type NAND
0.000000, 0.365616, 1.854900
 0.004724 0.008963 0.012708
 0.017186 0.014183 0.018954
v= 0.015452
0.000000, 0.365616, 1.854900
 0.004724 0.008963 0.012708
 0.017186 0.014183 0.018954
v= 0.013308
0.000000, 0.365616, 1.854900
 0.004724 0.004754 0.008147
 0.017186 0.007798 0.009978
v= 0.008702
dequeued node 346, type NAND
0.000000, 0.365616, 1.854900
 0.004724 0.008963 0.012708
 0.017186 0.014183 0.018954
v= 0.015452
0.000000, 0.365616, 1.854900
 0.004724 0.008963 0.012708
 0.017186 0.014183 0.018954
v= 0.013308
0.000000, 0.365616, 1.854900
 0.004724 0.004754 0.008147
 0.017186 0.007798 0.009978
v= 0.008702
dequeued node 1143, type NOT
0.000000, 0.365616, 1.897810
 0.004724 0.007266 0.011031
 0.017186 0.011759 0.017202
v= 0.013559
0.000000, 0.365616, 1.897810
 0.004724 0.003321 0.006755
 0.017186 0.006463 0.009176
v= 0.007515
dequeued node 365, type NAND
0.000000, 0.365616, 1.854900
 0.004724 0.008963 0.012708
 0.017186 0.014183 0.018954
v= 0.014796
0.000000, 0.365616, 1.854900
 0.004724 0.008963 0.012708
 0.017186 0.014183 0.018954
v= 0.013424
0.000000, 0.365616, 1.854900
 0.004724 0.004754 0.008147
 0.017186 0.007798 0.009978
v= 0.008021
dequeued node 1493, type BUFF
0.000000, 1.895430, 3.790860
 0.004724 0.020757 0.025546
 0.017186 0.025664 0.030382
v= 0.026022
0.000000, 1.895430, 3.790860
 0.004724 0.007457 0.011571
 0.017186 0.007598 0.011622
v= 0.010530
dequeued node 1501, type BUFF
0.000000, 1.895430, 3.790860
 0.004724 0.020757 0.025546
 0.017186 0.025664 0.030382
v= 0.026022
0.000000, 1.895430, 3.790860
 0.004724 0.007457 0.011571
 0.017186 0.007598 0.011622
v= 0.010530
dequeued node 1401, type NOT
0.000000, 0.365616, 1.897810
 0.004724 0.007266 0.011031
 0.017186 0.011759 0.017202
v= 0.013023
0.000000, 0.365616, 1.897810
 0.004724 0.003321 0.006755
 0.017186 0.006463 0.009176
v= 0.007280
dequeued node 282, type NAND
0.000000, 1.854900, 3.709790
 0.004724 0.012708 0.017300
 0.017186 0.018954 0.023639
v= 0.014937
0.000000, 1.854900, 3.709790
 0.004724 0.012708 0.017300
 0.017186 0.018954 0.023639
v= 0.014596
0.000000, 1.854900, 3.709790
 0.004724 0.008147 0.012381
 0.017186 0.009978 0.013018
v= 0.008831
dequeued node 279, type NAND
0.000000, 0.365616, 1.854900
 0.004724 0.008963 0.012708
 0.017186 0.014183 0.018954
v= 0.014279
0.000000, 0.365616, 1.854900
 0.004724 0.008963 0.012708
 0.017186 0.014183 0.018954
v= 0.013943
0.000000, 0.365616, 1.854900
 0.004724 0.004754 0.008147
 0.017186 0.007798 0.009978
v= 0.008312
dequeued node 1477, type BUFF
0.000000, 1.895430, 3.790860
 0.004724 0.020757 0.025546
 0.017186 0.025664 0.030382
v= 0.026022
0.000000, 1.895430, 3.790860
 0.004724 0.007457 0.011571
 0.017186 0.007598 0.011622
v= 0.010530
dequeued node 1485, type BUFF
0.000000, 1.895430, 3.790860
 0.004724 0.020757 0.025546
 0.017186 0.025664 0.030382
v= 0.026022
0.000000, 1.895430, 3.790860
 0.004724 0.007457 0.011571
 0.017186 0.007598 0.011622
v= 0.010530
dequeued node 1393, type NOT
0.000000, 0.365616, 1.897810
 0.004724 0.007266 0.011031
 0.017186 0.011759 0.017202
v= 0.013023
0.000000, 0.365616, 1.897810
 0.004724 0.003321 0.006755
 0.017186 0.006463 0.009176
v= 0.007280
dequeued node 453, type NAND
0.000000, 1.854900, 3.709790
 0.004724 0.012708 0.017300
 0.017186 0.018954 0.023639
v= 0.015663
0.000000, 1.854900, 3.709790
 0.017186 0.018954 0.023639
 0.040984 0.026671 0.033636
v= 0.021542
0.000000, 1.854900, 3.709790
 0.004724 0.008147 0.012381
 0.017186 0.009978 0.013018
v= 0.009133
dequeued node 1405, type BUFF
0.000000, 1.895430, 3.790860
 0.004724 0.020757 0.025546
 0.017186 0.025664 0.030382
v= 0.026418
0.000000, 1.895430, 3.790860
 0.004724 0.007457 0.011571
 0.017186 0.007598 0.011622
v= 0.010536
dequeued node 1809, type NAND
0.000000, 1.854900, 3.709790
 0.004724 0.012708 0.017300
 0.017186 0.018954 0.023639
v= 0.018301
0.000000, 1.854900, 3.709790
 0.004724 0.012708 0.017300
 0.017186 0.018954 0.023639
v= 0.017955
0.000000, 1.854900, 3.709790
 0.004724 0.008147 0.012381
 0.017186 0.009978 0.013018
v= 0.011683
dequeued node 415, type NAND
0.000000, 0.365616, 1.854900
 0.004724 0.008963 0.012708
 0.017186 0.014183 0.018954
v= 0.014279
0.000000, 0.365616, 1.854900
 0.004724 0.008963 0.012708
 0.017186 0.014183 0.018954
v= 0.013943
0.000000, 0.365616, 1.854900
 0.004724 0.004754 0.008147
 0.017186 0.007798 0.009978
v= 0.008312
dequeued node 1693, type NOT
0.000000, 0.365616, 1.897810
 0.004724 0.007266 0.011031
 0.017186 0.011759 0.017202
v= 0.013560
0.000000, 0.365616, 1.897810
 0.004724 0.003321 0.006755
 0.017186 0.006463 0.009176
v= 0.007516
dequeued node 1365, type NOT
0.000000, 1.897810, 3.795620
 0.004724 0.011031 0.015699
 0.017186 0.017202 0.022281
v= 0.016343
0.000000, 1.897810, 3.795620
 0.004724 0.006755 0.011086
 0.017186 0.009176 0.012015
v= 0.010333
dequeued node 1133, type NAND
0.000000, 0.365616, 1.854900
 0.004724 0.008963 0.012708
 0.017186 0.014183 0.018954
v= 0.014888
0.000000, 0.365616, 1.854900
 0.004724 0.008963 0.012708
 0.017186 0.014183 0.018954
v= 0.013424
0.000000, 0.365616, 1.854900
 0.004724 0.004754 0.008147
 0.017186 0.007798 0.009978
v= 0.008021
dequeued node 347, type NAND
0.000000, 0.365616, 1.854900
 0.004724 0.008963 0.012708
 0.017186 0.014183 0.018954
v= 0.014888
0.000000, 0.365616, 1.854900
 0.004724 0.008963 0.012708
 0.017186 0.014183 0.018954
v= 0.013424
0.000000, 0.365616, 1.854900
 0.004724 0.004754 0.008147
 0.017186 0.007798 0.009978
v= 0.008021
dequeued node 366, type NAND
0.000000, 0.365616, 1.854900
 0.004724 0.008963 0.012708
 0.017186 0.014183 0.018954
v= 0.014279
0.000000, 0.365616, 1.854900
 0.004724 0.008963 0.012708
 0.017186 0.014183 0.018954
v= 0.013943
0.000000, 0.365616, 1.854900
 0.004724 0.004754 0.008147
 0.017186 0.007798 0.009978
v= 0.008312
dequeued node 559, type NAND
0.000000, 0.365616, 1.854900
 0.004724 0.008963 0.012708
 0.017186 0.014183 0.018954
v= 0.014893
0.000000, 0.365616, 1.854900
 0.004724 0.008963 0.012708
 0.017186 0.014183 0.018954
v= 0.013308
0.000000, 0.365616, 1.854900
 0.004724 0.004754 0.008147
 0.017186 0.007798 0.009978
v= 0.008514
dequeued node 1497, type NOT
0.000000, 0.365616, 1.897810
 0.004724 0.007266 0.011031
 0.017186 0.011759 0.017202
v= 0.013020
0.000000, 0.365616, 1.897810
 0.004724 0.003321 0.006755
 0.017186 0.006463 0.009176
v= 0.007279
dequeued node 556, type NAND
0.000000, 0.365616, 1.854900
 0.004724 0.008963 0.012708
 0.017186 0.014183 0.018954
v= 0.014893
0.000000, 0.365616, 1.854900
 0.004724 0.008963 0.012708
 0.017186 0.014183 0.018954
v= 0.013308
0.000000, 0.365616, 1.854900
 0.004724 0.004754 0.008147
 0.017186 0.007798 0.009978
v= 0.008514
dequeued node 1505, type NOT
0.000000, 0.365616, 1.897810
 0.004724 0.007266 0.011031
 0.017186 0.011759 0.017202
v= 0.013020
0.000000, 0.365616, 1.897810
 0.004724 0.003321 0.006755
 0.017186 0.006463 0.009176
v= 0.007279
dequeued node 1362, type BUFF
0.000000, 1.895430, 3.790860
 0.004724 0.020757 0.025546
 0.017186 0.025664 0.030382
v= 0.025904
0.000000, 1.895430, 3.790860
 0.004724 0.007457 0.011571
 0.017186 0.007598 0.011622
v= 0.010528
dequeued node 1686, type BUFF
0.000000, 1.895430, 3.790860
 0.004724 0.020757 0.025546
 0.017186 0.025664 0.030382
v= 0.025904
0.000000, 1.895430, 3.790860
 0.004724 0.007457 0.011571
 0.017186 0.007598 0.011622
v= 0.010528
dequeued node 285, type NOT
0.000000, 0.365616, 1.897810
 0.004724 0.007266 0.011031
 0.017186 0.011759 0.017202
v= 0.010092
0.000000, 0.365616, 1.897810
 0.004724 0.003321 0.006755
 0.017186 0.006463 0.009176
v= 0.005389
dequeued node 547, type NAND
0.000000, 0.365616, 1.854900
 0.004724 0.008963 0.012708
 0.017186 0.014183 0.018954
v= 0.014893
0.000000, 0.365616, 1.854900
 0.004724 0.008963 0.012708
 0.017186 0.014183 0.018954
v= 0.013308
0.000000, 0.365616, 1.854900
 0.004724 0.004754 0.008147
 0.017186 0.007798 0.009978
v= 0.008514
dequeued node 1481, type NOT
0.000000, 0.365616, 1.897810
 0.004724 0.007266 0.011031
 0.017186 0.011759 0.017202
v= 0.013020
0.000000, 0.365616, 1.897810
 0.004724 0.003321 0.006755
 0.017186 0.006463 0.009176
v= 0.007279
dequeued node 544, type NAND
0.000000, 0.365616, 1.854900
 0.004724 0.008963 0.012708
 0.017186 0.014183 0.018954
v= 0.014893
0.000000, 0.365616, 1.854900
 0.004724 0.008963 0.012708
 0.017186 0.014183 0.018954
v= 0.013308
0.000000, 0.365616, 1.854900
 0.004724 0.004754 0.008147
 0.017186 0.007798 0.009978
v= 0.008514
dequeued node 1489, type NOT
0.000000, 0.365616, 1.897810
 0.004724 0.007266 0.011031
 0.017186 0.011759 0.017202
v= 0.013020
0.000000, 0.365616, 1.897810
 0.004724 0.003321 0.006755
 0.017186 0.006463 0.009176
v= 0.007279
dequeued node 1429, type BUFF
0.000000, 1.895430, 3.790860
 0.004724 0.020757 0.025546
 0.017186 0.025664 0.030382
v= 0.026022
0.000000, 1.895430, 3.790860
 0.004724 0.007457 0.011571
 0.017186 0.007598 0.011622
v= 0.010530
dequeued node 1437, type BUFF
0.000000, 1.895430, 3.790860
 0.004724 0.020757 0.025546
 0.017186 0.025664 0.030382
v= 0.026022
0.000000, 1.895430, 3.790860
 0.004724 0.007457 0.011571
 0.017186 0.007598 0.011622
v= 0.010530
dequeued node 1409, type NOT
0.000000, 0.365616, 1.897810
 0.004724 0.007266 0.011031
 0.017186 0.011759 0.017202
v= 0.013023
0.000000, 0.365616, 1.897810
 0.004724 0.003321 0.006755
 0.017186 0.006463 0.009176
v= 0.007280
dequeued node 1813, type NOT
0.000000, 0.365616, 1.897810
 0.004724 0.007266 0.011031
 0.017186 0.011759 0.017202
v= 0.013560
0.000000, 0.365616, 1.897810
 0.004724 0.003321 0.006755
 0.017186 0.006463 0.009176
v= 0.007516
dequeued node 1378, type NOT
0.000000, 1.897810, 3.795620
 0.004724 0.011031 0.015699
 0.017186 0.017202 0.022281
v= 0.016343
0.000000, 1.897810, 3.795620
 0.004724 0.006755 0.011086
 0.017186 0.009176 0.012015
v= 0.010333
dequeued node 1369, type NOT
0.000000, 0.365616, 1.897810
 0.004724 0.007266 0.011031
 0.017186 0.011759 0.017202
v= 0.012927
0.000000, 0.365616, 1.897810
 0.004724 0.003321 0.006755
 0.017186 0.006463 0.009176
v= 0.007238
dequeued node 1774, type NAND
0.000000, 1.854900, 3.709790
 0.004724 0.012708 0.017300
 0.017186 0.018954 0.023639
v= 0.018301
0.000000, 1.854900, 3.709790
 0.004724 0.012708 0.017300
 0.017186 0.018954 0.023639
v= 0.017955
0.000000, 1.854900, 3.709790
 0.004724 0.008147 0.012381
 0.017186 0.009978 0.013018
v= 0.011683
dequeued node 348, type NAND
0.000000, 0.365616, 1.854900
 0.004724 0.008963 0.012708
 0.017186 0.014183 0.018954
v= 0.014279
0.000000, 0.365616, 1.854900
 0.004724 0.008963 0.012708
 0.017186 0.014183 0.018954
v= 0.013943
0.000000, 0.365616, 1.854900
 0.004724 0.004754 0.008147
 0.017186 0.007798 0.009978
v= 0.008312
dequeued node 367, type NOT
0.000000, 0.365616, 1.897810
 0.004724 0.007266 0.011031
 0.017186 0.011759 0.017202
v= 0.010092
0.000000, 0.365616, 1.897810
 0.004724 0.003321 0.006755
 0.017186 0.006463 0.009176
v= 0.005389
dequeued node 560, type NAND
0.000000, 0.365616, 1.854900
 0.004724 0.008963 0.012708
 0.017186 0.014183 0.018954
v= 0.014886
0.000000, 0.365616, 1.854900
 0.004724 0.008963 0.012708
 0.017186 0.014183 0.018954
v= 0.013309
0.000000, 0.365616, 1.854900
 0.004724 0.004754 0.008147
 0.017186 0.007798 0.009978
v= 0.007982
dequeued node 557, type NAND
0.000000, 0.365616, 1.854900
 0.004724 0.008963 0.012708
 0.017186 0.014183 0.018954
v= 0.014886
0.000000, 0.365616, 1.854900
 0.004724 0.008963 0.012708
 0.017186 0.014183 0.018954
v= 0.013309
0.000000, 0.365616, 1.854900
 0.004724 0.004754 0.008147
 0.017186 0.007798 0.009978
v= 0.007982
dequeued node 1368, type NOT
0.000000, 0.365616, 1.897810
 0.004724 0.007266 0.011031
 0.017186 0.011759 0.017202
v= 0.013019
0.000000, 0.365616, 1.897810
 0.004724 0.003321 0.006755
 0.017186 0.006463 0.009176
v= 0.007279
dequeued node 1692, type NOT
0.000000, 0.365616, 1.897810
 0.004724 0.007266 0.011031
 0.017186 0.011759 0.017202
v= 0.013019
0.000000, 0.365616, 1.897810
 0.004724 0.003321 0.006755
 0.017186 0.006463 0.009176
v= 0.007279
dequeued node 1024, type NAND
0.000000, 0.365616, 1.854900
 0.004724 0.008963 0.012708
 0.017186 0.014183 0.018954
v= 0.014892
0.000000, 0.365616, 1.854900
 0.004724 0.008963 0.012708
 0.017186 0.014183 0.018954
v= 0.013425
0.000000, 0.365616, 1.854900
 0.004724 0.004754 0.008147
 0.017186 0.007798 0.009978
v= 0.008514
dequeued node 1910, type AND
0.000000, 1.893040, 3.786090
 0.004724 0.029133 0.034403
 0.017186 0.034149 0.039381
v= 0.033314
0.000000, 1.893040, 3.786090
 0.004724 0.029133 0.034403
 0.017186 0.034149 0.039381
v= 0.034622
0.000000, 1.893040, 3.786090
 0.004724 0.008919 0.012819
 0.017186 0.008949 0.012846
v= 0.011818
dequeued node 548, type NAND
0.000000, 0.365616, 1.854900
 0.004724 0.008963 0.012708
 0.017186 0.014183 0.018954
v= 0.014886
0.000000, 0.365616, 1.854900
 0.004724 0.008963 0.012708
 0.017186 0.014183 0.018954
v= 0.013309
0.000000, 0.365616, 1.854900
 0.004724 0.004754 0.008147
 0.017186 0.007798 0.009978
v= 0.007982
dequeued node 545, type NAND
0.000000, 0.365616, 1.854900
 0.004724 0.008963 0.012708
 0.017186 0.014183 0.018954
v= 0.014886
0.000000, 0.365616, 1.854900
 0.004724 0.008963 0.012708
 0.017186 0.014183 0.018954
v= 0.013309
0.000000, 0.365616, 1.854900
 0.004724 0.004754 0.008147
 0.017186 0.007798 0.009978
v= 0.007982
dequeued node 511, type NAND
0.000000, 0.365616, 1.854900
 0.004724 0.008963 0.012708
 0.017186 0.014183 0.018954
v= 0.014893
0.000000, 0.365616, 1.854900
 0.004724 0.008963 0.012708
 0.017186 0.014183 0.018954
v= 0.013309
0.000000, 0.365616, 1.854900
 0.004724 0.004754 0.008147
 0.017186 0.007798 0.009978
v= 0.008514
dequeued node 1433, type NOT
0.000000, 0.365616, 1.897810
 0.004724 0.007266 0.011031
 0.017186 0.011759 0.017202
v= 0.013020
0.000000, 0.365616, 1.897810
 0.004724 0.003321 0.006755
 0.017186 0.006463 0.009176
v= 0.007279
dequeued node 508, type NAND
0.000000, 0.365616, 1.854900
 0.004724 0.008963 0.012708
 0.017186 0.014183 0.018954
v= 0.014893
0.000000, 0.365616, 1.854900
 0.004724 0.008963 0.012708
 0.017186 0.014183 0.018954
v= 0.013309
0.000000, 0.365616, 1.854900
 0.004724 0.004754 0.008147
 0.017186 0.007798 0.009978
v= 0.008514
dequeued node 1441, type NOT
0.000000, 0.365616, 1.897810
 0.004724 0.007266 0.011031
 0.017186 0.011759 0.017202
v= 0.013020
0.000000, 0.365616, 1.897810
 0.004724 0.003321 0.006755
 0.017186 0.006463 0.009176
v= 0.007279
dequeued node 1384, type NOT
0.000000, 0.365616, 1.897810
 0.004724 0.007266 0.011031
 0.017186 0.011759 0.017202
v= 0.012927
0.000000, 0.365616, 1.897810
 0.004724 0.003321 0.006755
 0.017186 0.006463 0.009176
v= 0.007238
dequeued node 424, type NAND
0.000000, 0.365616, 1.854900
 0.004724 0.008963 0.012708
 0.017186 0.014183 0.018954
v= 0.014797
0.000000, 0.365616, 1.854900
 0.004724 0.008963 0.012708
 0.017186 0.014183 0.018954
v= 0.013289
0.000000, 0.365616, 1.854900
 0.004724 0.004754 0.008147
 0.017186 0.007798 0.009978
v= 0.008482
dequeued node 417, type NAND
0.000000, 0.365616, 1.854900
 0.004724 0.008963 0.012708
 0.017186 0.014183 0.018954
v= 0.014892
0.000000, 0.365616, 1.854900
 0.004724 0.008963 0.012708
 0.017186 0.014183 0.018954
v= 0.013289
0.000000, 0.365616, 1.854900
 0.004724 0.004754 0.008147
 0.017186 0.007798 0.009978
v= 0.008514
dequeued node 1780, type NOT
0.000000, 0.365616, 1.897810
 0.004724 0.007266 0.011031
 0.017186 0.011759 0.017202
v= 0.013560
0.000000, 0.365616, 1.897810
 0.004724 0.003321 0.006755
 0.017186 0.006463 0.009176
v= 0.007516
dequeued node 1148, type NAND
0.000000, 0.365616, 1.854900
 0.004724 0.008963 0.012708
 0.017186 0.014183 0.018954
v= 0.015454
0.000000, 0.365616, 1.854900
 0.004724 0.008963 0.012708
 0.017186 0.014183 0.018954
v= 0.013289
0.000000, 0.365616, 1.854900
 0.004724 0.004754 0.008147
 0.017186 0.007798 0.009978
v= 0.008703
dequeued node 1370, type NOT
0.000000, 1.897810, 3.795620
 0.004724 0.011031 0.015699
 0.017186 0.017202 0.022281
v= 0.016343
0.000000, 1.897810, 3.795620
 0.004724 0.006755 0.011086
 0.017186 0.009176 0.012015
v= 0.010333
dequeued node 1918, type AND
0.000000, 1.893040, 3.786090
 0.004724 0.029133 0.034403
 0.017186 0.034149 0.039381
v= 0.034622
0.000000, 1.893040, 3.786090
 0.004724 0.029133 0.034403
 0.017186 0.034149 0.039381
v= 0.033314
0.000000, 1.893040, 3.786090
 0.004724 0.008919 0.012819
 0.017186 0.008949 0.012846
v= 0.011818
dequeued node 561, type NAND
0.000000, 1.854900, 3.709790
 0.004724 0.012708 0.017300
 0.017186 0.018954 0.023639
v= 0.016650
0.000000, 1.854900, 3.709790
 0.004724 0.012708 0.017300
 0.017186 0.018954 0.023639
v= 0.016382
0.000000, 1.854900, 3.709790
 0.004724 0.008147 0.012381
 0.017186 0.009978 0.013018
v= 0.010360
dequeued node 558, type NAND
0.000000, 0.365616, 1.854900
 0.004724 0.008963 0.012708
 0.017186 0.014183 0.018954
v= 0.014187
0.000000, 0.365616, 1.854900
 0.004724 0.008963 0.012708
 0.017186 0.014183 0.018954
v= 0.013924
0.000000, 0.365616, 1.854900
 0.004724 0.004754 0.008147
 0.017186 0.007798 0.009978
v= 0.008306
dequeued node 416, type NAND
0.000000, 0.365616, 1.854900
 0.004724 0.008963 0.012708
 0.017186 0.014183 0.018954
v= 0.014797
0.000000, 0.365616, 1.854900
 0.004724 0.008963 0.012708
 0.017186 0.014183 0.018954
v= 0.013309
0.000000, 0.365616, 1.854900
 0.004724 0.004754 0.008147
 0.017186 0.007798 0.009978
v= 0.007982
dequeued node 1023, type NAND
0.000000, 0.365616, 1.854900
 0.004724 0.008963 0.012708
 0.017186 0.014183 0.018954
v= 0.015454
0.000000, 0.365616, 1.854900
 0.004724 0.008963 0.012708
 0.017186 0.014183 0.018954
v= 0.013309
0.000000, 0.365616, 1.854900
 0.004724 0.004754 0.008147
 0.017186 0.007798 0.009978
v= 0.007982
dequeued node 1916, type NOT
0.000000, 0.365616, 1.897810
 0.004724 0.007266 0.011031
 0.017186 0.011759 0.017202
v= 0.013624
0.000000, 0.365616, 1.897810
 0.004724 0.003321 0.006755
 0.017186 0.006463 0.009176
v= 0.007544
dequeued node 549, type NAND
0.000000, 1.854900, 3.709790
 0.004724 0.012708 0.017300
 0.017186 0.018954 0.023639
v= 0.016650
0.000000, 1.854900, 3.709790
 0.004724 0.012708 0.017300
 0.017186 0.018954 0.023639
v= 0.016382
0.000000, 1.854900, 3.709790
 0.004724 0.008147 0.012381
 0.017186 0.009978 0.013018
v= 0.010360
dequeued node 546, type NAND
0.000000, 0.365616, 1.854900
 0.004724 0.008963 0.012708
 0.017186 0.014183 0.018954
v= 0.014187
0.000000, 0.365616, 1.854900
 0.004724 0.008963 0.012708
 0.017186 0.014183 0.018954
v= 0.013924
0.000000, 0.365616, 1.854900
 0.004724 0.004754 0.008147
 0.017186 0.007798 0.009978
v= 0.008306
dequeued node 512, type NAND
0.000000, 0.365616, 1.854900
 0.004724 0.008963 0.012708
 0.017186 0.014183 0.018954
v= 0.014894
0.000000, 0.365616, 1.854900
 0.004724 0.008963 0.012708
 0.017186 0.014183 0.018954
v= 0.013309
0.000000, 0.365616, 1.854900
 0.004724 0.004754 0.008147
 0.017186 0.007798 0.009978
v= 0.007982
dequeued node 509, type NAND
0.000000, 0.365616, 1.854900
 0.004724 0.008963 0.012708
 0.017186 0.014183 0.018954
v= 0.014894
0.000000, 0.365616, 1.854900
 0.004724 0.008963 0.012708
 0.017186 0.014183 0.018954
v= 0.013309
0.000000, 0.365616, 1.854900
 0.004724 0.004754 0.008147
 0.017186 0.007798 0.009978
v= 0.007982
dequeued node 423, type NAND
0.000000, 0.365616, 1.854900
 0.004724 0.008963 0.012708
 0.017186 0.014183 0.018954
v= 0.014796
0.000000, 0.365616, 1.854900
 0.004724 0.008963 0.012708
 0.017186 0.014183 0.018954
v= 0.013289
0.000000, 0.365616, 1.854900
 0.004724 0.004754 0.008147
 0.017186 0.007798 0.009978
v= 0.007976
dequeued node 1147, type NAND
0.000000, 0.365616, 1.854900
 0.004724 0.008963 0.012708
 0.017186 0.014183 0.018954
v= 0.014797
0.000000, 0.365616, 1.854900
 0.004724 0.008963 0.012708
 0.017186 0.014183 0.018954
v= 0.013425
0.000000, 0.365616, 1.854900
 0.004724 0.004754 0.008147
 0.017186 0.007798 0.009978
v= 0.008021
dequeued node 1376, type NOT
0.000000, 0.365616, 1.897810
 0.004724 0.007266 0.011031
 0.017186 0.011759 0.017202
v= 0.012927
0.000000, 0.365616, 1.897810
 0.004724 0.003321 0.006755
 0.017186 0.006463 0.009176
v= 0.007238
dequeued node 421, type NAND
0.000000, 0.365616, 1.854900
 0.004724 0.008963 0.012708
 0.017186 0.014183 0.018954
v= 0.014797
0.000000, 0.365616, 1.854900
 0.004724 0.008963 0.012708
 0.017186 0.014183 0.018954
v= 0.013425
0.000000, 0.365616, 1.854900
 0.004724 0.004754 0.008147
 0.017186 0.007798 0.009978
v= 0.008482
dequeued node 1924, type NOT
0.000000, 0.365616, 1.897810
 0.004724 0.007266 0.011031
 0.017186 0.011759 0.017202
v= 0.013624
0.000000, 0.365616, 1.897810
 0.004724 0.003321 0.006755
 0.017186 0.006463 0.009176
v= 0.007544
dequeued node 719, type NOT
0.000000, 0.365616, 1.897810
 0.004724 0.007266 0.011031
 0.017186 0.011759 0.017202
v= 0.013640
0.000000, 0.365616, 1.897810
 0.004724 0.003321 0.006755
 0.017186 0.006463 0.009176
v= 0.007725
dequeued node 722, type BUFF
0.000000, 0.365616, 1.895430
 0.004724 0.016556 0.020757
 0.017186 0.021491 0.025664
v= 0.022814
0.000000, 0.365616, 1.895430
 0.004724 0.004315 0.007457
 0.017186 0.004627 0.007598
v= 0.007402
dequeued node 564, type NOT
0.000000, 0.365616, 1.897810
 0.004724 0.007266 0.011031
 0.017186 0.011759 0.017202
v= 0.011977
0.000000, 0.365616, 1.897810
 0.004724 0.003321 0.006755
 0.017186 0.006463 0.009176
v= 0.006822
dequeued node 418, type NAND
0.000000, 0.365616, 1.854900
 0.004724 0.008963 0.012708
 0.017186 0.014183 0.018954
v= 0.013924
0.000000, 0.365616, 1.854900
 0.004724 0.008963 0.012708
 0.017186 0.014183 0.018954
v= 0.014186
0.000000, 0.365616, 1.854900
 0.004724 0.004754 0.008147
 0.017186 0.007798 0.009978
v= 0.008306
dequeued node 1025, type NAND
0.000000, 1.854900, 3.709790
 0.004724 0.012708 0.017300
 0.017186 0.018954 0.023639
v= 0.017936
0.000000, 1.854900, 3.709790
 0.004724 0.012708 0.017300
 0.017186 0.018954 0.023639
v= 0.018205
0.000000, 1.854900, 3.709790
 0.004724 0.008147 0.012381
 0.017186 0.009978 0.013018
v= 0.011680
dequeued node 725, type NOT
0.000000, 0.365616, 1.897810
 0.004724 0.007266 0.011031
 0.017186 0.011759 0.017202
v= 0.013640
0.000000, 0.365616, 1.897810
 0.004724 0.003321 0.006755
 0.017186 0.006463 0.009176
v= 0.007725
dequeued node 728, type BUFF
0.000000, 0.365616, 1.895430
 0.004724 0.016556 0.020757
 0.017186 0.021491 0.025664
v= 0.022814
0.000000, 0.365616, 1.895430
 0.004724 0.004315 0.007457
 0.017186 0.004627 0.007598
v= 0.007402
dequeued node 552, type NOT
0.000000, 0.365616, 1.897810
 0.004724 0.007266 0.011031
 0.017186 0.011759 0.017202
v= 0.011977
0.000000, 0.365616, 1.897810
 0.004724 0.003321 0.006755
 0.017186 0.006463 0.009176
v= 0.006822
dequeued node 513, type NAND
0.000000, 1.854900, 3.709790
 0.004724 0.012708 0.017300
 0.017186 0.018954 0.023639
v= 0.016650
0.000000, 1.854900, 3.709790
 0.004724 0.012708 0.017300
 0.017186 0.018954 0.023639
v= 0.016382
0.000000, 1.854900, 3.709790
 0.004724 0.008147 0.012381
 0.017186 0.009978 0.013018
v= 0.010360
dequeued node 510, type NAND
0.000000, 0.365616, 1.854900
 0.004724 0.008963 0.012708
 0.017186 0.014183 0.018954
v= 0.014187
0.000000, 0.365616, 1.854900
 0.004724 0.008963 0.012708
 0.017186 0.014183 0.018954
v= 0.013924
0.000000, 0.365616, 1.854900
 0.004724 0.004754 0.008147
 0.017186 0.007798 0.009978
v= 0.008306
dequeued node 425, type NAND
0.000000, 0.365616, 1.854900
 0.004724 0.008963 0.012708
 0.017186 0.014183 0.018954
v= 0.013648
0.000000, 0.365616, 1.854900
 0.004724 0.008963 0.012708
 0.017186 0.014183 0.018954
v= 0.013895
0.000000, 0.365616, 1.854900
 0.004724 0.004754 0.008147
 0.017186 0.007798 0.009978
v= 0.008096
dequeued node 1149, type NAND
0.000000, 1.854900, 3.709790
 0.004724 0.012708 0.017300
 0.017186 0.018954 0.023639
v= 0.017955
0.000000, 1.854900, 3.709790
 0.004724 0.012708 0.017300
 0.017186 0.018954 0.023639
v= 0.018301
0.000000, 1.854900, 3.709790
 0.004724 0.008147 0.012381
 0.017186 0.009978 0.013018
v= 0.011683
dequeued node 420, type NAND
0.000000, 0.365616, 1.854900
 0.004724 0.008963 0.012708
 0.017186 0.014183 0.018954
v= 0.015454
0.000000, 0.365616, 1.854900
 0.004724 0.008963 0.012708
 0.017186 0.014183 0.018954
v= 0.013289
0.000000, 0.365616, 1.854900
 0.004724 0.004754 0.008147
 0.017186 0.007798 0.009978
v= 0.007976
dequeued node 419, type NOT
0.000000, 0.365616, 1.897810
 0.004724 0.007266 0.011031
 0.017186 0.011759 0.017202
v= 0.011977
0.000000, 0.365616, 1.897810
 0.004724 0.003321 0.006755
 0.017186 0.006463 0.009176
v= 0.006822
dequeued node 1029, type NOT
0.000000, 0.365616, 1.897810
 0.004724 0.007266 0.011031
 0.017186 0.011759 0.017202
v= 0.013559
0.000000, 0.365616, 1.897810
 0.004724 0.003321 0.006755
 0.017186 0.006463 0.009176
v= 0.007515
dequeued node 731, type AND
0.000000, 15.144300, 30.288700
 0.004724 0.062509 0.098984
 0.017186 0.067411 0.103888
v= 0.074573
0.000000, 15.144300, 30.288700
 0.004724 0.062509 0.098984
 0.017186 0.067411 0.103888
v= 0.074573
0.000000, 15.144300, 30.288700
 0.004724 0.037773 0.072234
 0.017186 0.037770 0.072241
v= 0.048055
dequeued node 746, type AND
0.000000, 7.572170, 15.144300
 0.004724 0.044052 0.062509
 0.017186 0.048983 0.067411
v= 0.055091
0.000000, 7.572170, 15.144300
 0.004724 0.044052 0.062509
 0.017186 0.048983 0.067411
v= 0.055219
0.000000, 7.572170, 15.144300
 0.004724 0.020891 0.037773
 0.017186 0.020908 0.037770
v= 0.030024
dequeued node 756, type AND
0.000000, 15.144300, 30.288700
 0.004724 0.062509 0.098984
 0.017186 0.067411 0.103888
v= 0.067442
0.000000, 15.144300, 30.288700
 0.004724 0.062509 0.098984
 0.017186 0.067411 0.103888
v= 0.067315
0.000000, 15.144300, 30.288700
 0.004724 0.037773 0.072234
 0.017186 0.037770 0.072241
v= 0.041318
dequeued node 770, type AND
0.000000, 3.786090, 7.572170
 0.004724 0.034403 0.044052
 0.017186 0.039381 0.048983
v= 0.038651
0.000000, 3.786090, 7.572170
 0.004724 0.034403 0.044052
 0.017186 0.039381 0.048983
v= 0.038651
0.000000, 3.786090, 7.572170
 0.004724 0.012819 0.020891
 0.017186 0.012846 0.020908
v= 0.015486
dequeued node 663, type NOT
0.000000, 0.365616, 1.897810
 0.004724 0.007266 0.011031
 0.017186 0.011759 0.017202
v= 0.013640
0.000000, 0.365616, 1.897810
 0.004724 0.003321 0.006755
 0.017186 0.006463 0.009176
v= 0.007725
dequeued node 666, type BUFF
0.000000, 0.365616, 1.895430
 0.004724 0.016556 0.020757
 0.017186 0.021491 0.025664
v= 0.022814
0.000000, 0.365616, 1.895430
 0.004724 0.004315 0.007457
 0.017186 0.004627 0.007598
v= 0.007402
dequeued node 516, type NOT
0.000000, 0.365616, 1.897810
 0.004724 0.007266 0.011031
 0.017186 0.011759 0.017202
v= 0.011977
0.000000, 0.365616, 1.897810
 0.004724 0.003321 0.006755
 0.017186 0.006463 0.009176
v= 0.006822
dequeued node 441, type NAND
0.000000, 1.854900, 3.709790
 0.004724 0.012708 0.017300
 0.017186 0.018954 0.023639
v= 0.014633
0.000000, 1.854900, 3.709790
 0.017186 0.018954 0.023639
 0.040984 0.026671 0.033636
v= 0.021542
0.000000, 1.854900, 3.709790
 0.004724 0.008147 0.012381
 0.017186 0.009978 0.013018
v= 0.008842
dequeued node 1153, type NOT
0.000000, 0.365616, 1.897810
 0.004724 0.007266 0.011031
 0.017186 0.011759 0.017202
v= 0.013560
0.000000, 0.365616, 1.897810
 0.004724 0.003321 0.006755
 0.017186 0.006463 0.009176
v= 0.007516
dequeued node 422, type NAND
0.000000, 0.365616, 1.854900
 0.004724 0.008963 0.012708
 0.017186 0.014183 0.018954
v= 0.013648
0.000000, 0.365616, 1.854900
 0.004724 0.008963 0.012708
 0.017186 0.014183 0.018954
v= 0.013895
0.000000, 0.365616, 1.854900
 0.004724 0.004754 0.008147
 0.017186 0.007798 0.009978
v= 0.008096
dequeued node 433, type NAND
0.000000, 1.854900, 3.709790
 0.004724 0.012708 0.017300
 0.017186 0.018954 0.023639
v= 0.013994
0.000000, 1.854900, 3.709790
 0.017186 0.018954 0.023639
 0.040984 0.026671 0.033636
v= 0.021542
0.000000, 1.854900, 3.709790
 0.004724 0.008147 0.012381
 0.017186 0.009978 0.013018
v= 0.008661
dequeued node 1461, type BUFF
0.000000, 1.895430, 3.790860
 0.004724 0.020757 0.025546
 0.017186 0.025664 0.030382
v= 0.025908
0.000000, 1.895430, 3.790860
 0.004724 0.007457 0.011571
 0.017186 0.007598 0.011622
v= 0.010529
dequeued node 1469, type BUFF
0.000000, 1.895430, 3.790860
 0.004724 0.020757 0.025546
 0.017186 0.025664 0.030382
v= 0.025908
0.000000, 1.895430, 3.790860
 0.004724 0.007457 0.011571
 0.017186 0.007598 0.011622
v= 0.010529
dequeued node 437, type NAND
0.000000, 1.854900, 3.709790
 0.004724 0.012708 0.017300
 0.017186 0.018954 0.023639
v= 0.014633
0.000000, 1.854900, 3.709790
 0.017186 0.018954 0.023639
 0.040984 0.026671 0.033636
v= 0.021542
0.000000, 1.854900, 3.709790
 0.004724 0.008147 0.012381
 0.017186 0.009978 0.013018
v= 0.008842
dequeued node 1413, type BUFF
0.000000, 1.895430, 3.790860
 0.004724 0.020757 0.025546
 0.017186 0.025664 0.030382
v= 0.025838
0.000000, 1.895430, 3.790860
 0.004724 0.007457 0.011571
 0.017186 0.007598 0.011622
v= 0.010527
dequeued node 1421, type BUFF
0.000000, 1.895430, 3.790860
 0.004724 0.020757 0.025546
 0.017186 0.025664 0.030382
v= 0.025838
0.000000, 1.895430, 3.790860
 0.004724 0.007457 0.011571
 0.017186 0.007598 0.011622
v= 0.010527
dequeued node 535, type NAND
0.000000, 0.365616, 1.854900
 0.004724 0.008963 0.012708
 0.017186 0.014183 0.018954
v= 0.014892
0.000000, 0.365616, 1.854900
 0.004724 0.008963 0.012708
 0.017186 0.014183 0.018954
v= 0.013308
0.000000, 0.365616, 1.854900
 0.004724 0.004754 0.008147
 0.017186 0.007798 0.009978
v= 0.008514
dequeued node 1465, type NOT
0.000000, 0.365616, 1.897810
 0.004724 0.007266 0.011031
 0.017186 0.011759 0.017202
v= 0.013019
0.000000, 0.365616, 1.897810
 0.004724 0.003321 0.006755
 0.017186 0.006463 0.009176
v= 0.007279
dequeued node 532, type NAND
0.000000, 0.365616, 1.854900
 0.004724 0.008963 0.012708
 0.017186 0.014183 0.018954
v= 0.014892
0.000000, 0.365616, 1.854900
 0.004724 0.008963 0.012708
 0.017186 0.014183 0.018954
v= 0.013308
0.000000, 0.365616, 1.854900
 0.004724 0.004754 0.008147
 0.017186 0.007798 0.009978
v= 0.008514
dequeued node 1473, type NOT
0.000000, 0.365616, 1.897810
 0.004724 0.007266 0.011031
 0.017186 0.011759 0.017202
v= 0.013019
0.000000, 0.365616, 1.897810
 0.004724 0.003321 0.006755
 0.017186 0.006463 0.009176
v= 0.007279
dequeued node 1445, type BUFF
0.000000, 1.895430, 3.790860
 0.004724 0.020757 0.025546
 0.017186 0.025664 0.030382
v= 0.025908
0.000000, 1.895430, 3.790860
 0.004724 0.007457 0.011571
 0.017186 0.007598 0.011622
v= 0.010529
dequeued node 1453, type BUFF
0.000000, 1.895430, 3.790860
 0.004724 0.020757 0.025546
 0.017186 0.025664 0.030382
v= 0.025908
0.000000, 1.895430, 3.790860
 0.004724 0.007457 0.011571
 0.017186 0.007598 0.011622
v= 0.010529
dequeued node 498, type NAND
0.000000, 0.365616, 1.854900
 0.004724 0.008963 0.012708
 0.017186 0.014183 0.018954
v= 0.014891
0.000000, 0.365616, 1.854900
 0.004724 0.008963 0.012708
 0.017186 0.014183 0.018954
v= 0.013309
0.000000, 0.365616, 1.854900
 0.004724 0.004754 0.008147
 0.017186 0.007798 0.009978
v= 0.008514
dequeued node 1417, type NOT
0.000000, 0.365616, 1.897810
 0.004724 0.007266 0.011031
 0.017186 0.011759 0.017202
v= 0.013019
0.000000, 0.365616, 1.897810
 0.004724 0.003321 0.006755
 0.017186 0.006463 0.009176
v= 0.007278
dequeued node 495, type NAND
0.000000, 0.365616, 1.854900
 0.004724 0.008963 0.012708
 0.017186 0.014183 0.018954
v= 0.014891
0.000000, 0.365616, 1.854900
 0.004724 0.008963 0.012708
 0.017186 0.014183 0.018954
v= 0.013309
0.000000, 0.365616, 1.854900
 0.004724 0.004754 0.008147
 0.017186 0.007798 0.009978
v= 0.008514
dequeued node 1425, type NOT
0.000000, 0.365616, 1.897810
 0.004724 0.007266 0.011031
 0.017186 0.011759 0.017202
v= 0.013019
0.000000, 0.365616, 1.897810
 0.004724 0.003321 0.006755
 0.017186 0.006463 0.009176
v= 0.007278
dequeued node 536, type NAND
0.000000, 0.365616, 1.854900
 0.004724 0.008963 0.012708
 0.017186 0.014183 0.018954
v= 0.014886
0.000000, 0.365616, 1.854900
 0.004724 0.008963 0.012708
 0.017186 0.014183 0.018954
v= 0.013309
0.000000, 0.365616, 1.854900
 0.004724 0.004754 0.008147
 0.017186 0.007798 0.009978
v= 0.007982
dequeued node 533, type NAND
0.000000, 0.365616, 1.854900
 0.004724 0.008963 0.012708
 0.017186 0.014183 0.018954
v= 0.014886
0.000000, 0.365616, 1.854900
 0.004724 0.008963 0.012708
 0.017186 0.014183 0.018954
v= 0.013309
0.000000, 0.365616, 1.854900
 0.004724 0.004754 0.008147
 0.017186 0.007798 0.009978
v= 0.007982
dequeued node 523, type NAND
0.000000, 0.365616, 1.854900
 0.004724 0.008963 0.012708
 0.017186 0.014183 0.018954
v= 0.014892
0.000000, 0.365616, 1.854900
 0.004724 0.008963 0.012708
 0.017186 0.014183 0.018954
v= 0.013308
0.000000, 0.365616, 1.854900
 0.004724 0.004754 0.008147
 0.017186 0.007798 0.009978
v= 0.008514
dequeued node 1449, type NOT
0.000000, 0.365616, 1.897810
 0.004724 0.007266 0.011031
 0.017186 0.011759 0.017202
v= 0.013019
0.000000, 0.365616, 1.897810
 0.004724 0.003321 0.006755
 0.017186 0.006463 0.009176
v= 0.007279
dequeued node 520, type NAND
0.000000, 0.365616, 1.854900
 0.004724 0.008963 0.012708
 0.017186 0.014183 0.018954
v= 0.014892
0.000000, 0.365616, 1.854900
 0.004724 0.008963 0.012708
 0.017186 0.014183 0.018954
v= 0.013308
0.000000, 0.365616, 1.854900
 0.004724 0.004754 0.008147
 0.017186 0.007798 0.009978
v= 0.008514
dequeued node 1457, type NOT
0.000000, 0.365616, 1.897810
 0.004724 0.007266 0.011031
 0.017186 0.011759 0.017202
v= 0.013019
0.000000, 0.365616, 1.897810
 0.004724 0.003321 0.006755
 0.017186 0.006463 0.009176
v= 0.007279
dequeued node 499, type NAND
0.000000, 0.365616, 1.854900
 0.004724 0.008963 0.012708
 0.017186 0.014183 0.018954
v= 0.014894
0.000000, 0.365616, 1.854900
 0.004724 0.008963 0.012708
 0.017186 0.014183 0.018954
v= 0.013309
0.000000, 0.365616, 1.854900
 0.004724 0.004754 0.008147
 0.017186 0.007798 0.009978
v= 0.007982
dequeued node 496, type NAND
0.000000, 0.365616, 1.854900
 0.004724 0.008963 0.012708
 0.017186 0.014183 0.018954
v= 0.014894
0.000000, 0.365616, 1.854900
 0.004724 0.008963 0.012708
 0.017186 0.014183 0.018954
v= 0.013309
0.000000, 0.365616, 1.854900
 0.004724 0.004754 0.008147
 0.017186 0.007798 0.009978
v= 0.007982
dequeued node 537, type NAND
0.000000, 1.854900, 3.709790
 0.004724 0.012708 0.017300
 0.017186 0.018954 0.023639
v= 0.016650
0.000000, 1.854900, 3.709790
 0.004724 0.012708 0.017300
 0.017186 0.018954 0.023639
v= 0.016382
0.000000, 1.854900, 3.709790
 0.004724 0.008147 0.012381
 0.017186 0.009978 0.013018
v= 0.010360
dequeued node 534, type NAND
0.000000, 0.365616, 1.854900
 0.004724 0.008963 0.012708
 0.017186 0.014183 0.018954
v= 0.014186
0.000000, 0.365616, 1.854900
 0.004724 0.008963 0.012708
 0.017186 0.014183 0.018954
v= 0.013924
0.000000, 0.365616, 1.854900
 0.004724 0.004754 0.008147
 0.017186 0.007798 0.009978
v= 0.008306
dequeued node 524, type NAND
0.000000, 0.365616, 1.854900
 0.004724 0.008963 0.012708
 0.017186 0.014183 0.018954
v= 0.014886
0.000000, 0.365616, 1.854900
 0.004724 0.008963 0.012708
 0.017186 0.014183 0.018954
v= 0.013309
0.000000, 0.365616, 1.854900
 0.004724 0.004754 0.008147
 0.017186 0.007798 0.009978
v= 0.007982
dequeued node 521, type NAND
0.000000, 0.365616, 1.854900
 0.004724 0.008963 0.012708
 0.017186 0.014183 0.018954
v= 0.014886
0.000000, 0.365616, 1.854900
 0.004724 0.008963 0.012708
 0.017186 0.014183 0.018954
v= 0.013309
0.000000, 0.365616, 1.854900
 0.004724 0.004754 0.008147
 0.017186 0.007798 0.009978
v= 0.007982
dequeued node 500, type NAND
0.000000, 1.854900, 3.709790
 0.004724 0.012708 0.017300
 0.017186 0.018954 0.023639
v= 0.016509
0.000000, 1.854900, 3.709790
 0.004724 0.012708 0.017300
 0.017186 0.018954 0.023639
v= 0.016241
0.000000, 1.854900, 3.709790
 0.004724 0.008147 0.012381
 0.017186 0.009978 0.013018
v= 0.010240
dequeued node 497, type NAND
0.000000, 0.365616, 1.854900
 0.004724 0.008963 0.012708
 0.017186 0.014183 0.018954
v= 0.014186
0.000000, 0.365616, 1.854900
 0.004724 0.008963 0.012708
 0.017186 0.014183 0.018954
v= 0.013924
0.000000, 0.365616, 1.854900
 0.004724 0.004754 0.008147
 0.017186 0.007798 0.009978
v= 0.008306
dequeued node 669, type NOT
0.000000, 0.365616, 1.897810
 0.004724 0.007266 0.011031
 0.017186 0.011759 0.017202
v= 0.013640
0.000000, 0.365616, 1.897810
 0.004724 0.003321 0.006755
 0.017186 0.006463 0.009176
v= 0.007725
dequeued node 672, type BUFF
0.000000, 0.365616, 1.895430
 0.004724 0.016556 0.020757
 0.017186 0.021491 0.025664
v= 0.022814
0.000000, 0.365616, 1.895430
 0.004724 0.004315 0.007457
 0.017186 0.004627 0.007598
v= 0.007402
dequeued node 540, type NOT
0.000000, 0.365616, 1.897810
 0.004724 0.007266 0.011031
 0.017186 0.011759 0.017202
v= 0.011977
0.000000, 0.365616, 1.897810
 0.004724 0.003321 0.006755
 0.017186 0.006463 0.009176
v= 0.006822
dequeued node 525, type NAND
0.000000, 1.854900, 3.709790
 0.004724 0.012708 0.017300
 0.017186 0.018954 0.023639
v= 0.016509
0.000000, 1.854900, 3.709790
 0.004724 0.012708 0.017300
 0.017186 0.018954 0.023639
v= 0.016241
0.000000, 1.854900, 3.709790
 0.004724 0.008147 0.012381
 0.017186 0.009978 0.013018
v= 0.010240
dequeued node 522, type NAND
0.000000, 0.365616, 1.854900
 0.004724 0.008963 0.012708
 0.017186 0.014183 0.018954
v= 0.014186
0.000000, 0.365616, 1.854900
 0.004724 0.008963 0.012708
 0.017186 0.014183 0.018954
v= 0.013924
0.000000, 0.365616, 1.854900
 0.004724 0.004754 0.008147
 0.017186 0.007798 0.009978
v= 0.008306
dequeued node 569, type NOT
0.000000, 0.365616, 1.897810
 0.004724 0.007266 0.011031
 0.017186 0.011759 0.017202
v= 0.013582
0.000000, 0.365616, 1.897810
 0.004724 0.003321 0.006755
 0.017186 0.006463 0.009176
v= 0.007702
dequeued node 588, type AND
0.000000, 1.893040, 3.786090
 0.004724 0.029133 0.034403
 0.017186 0.034149 0.039381
v= 0.030385
0.000000, 1.893040, 3.786090
 0.004724 0.029133 0.034403
 0.017186 0.034149 0.039381
v= 0.031510
0.000000, 1.893040, 3.786090
 0.004724 0.008919 0.012819
 0.017186 0.008949 0.012846
v= 0.009048
dequeued node 503, type NOT
0.000000, 0.365616, 1.897810
 0.004724 0.007266 0.011031
 0.017186 0.011759 0.017202
v= 0.011977
0.000000, 0.365616, 1.897810
 0.004724 0.003321 0.006755
 0.017186 0.006463 0.009176
v= 0.006822
dequeued node 675, type AND
0.000000, 15.144300, 30.288700
 0.004724 0.062509 0.098984
 0.017186 0.067411 0.103888
v= 0.068510
0.000000, 15.144300, 30.288700
 0.004724 0.062509 0.098984
 0.017186 0.067411 0.103888
v= 0.068510
0.000000, 15.144300, 30.288700
 0.004724 0.037773 0.072234
 0.017186 0.037770 0.072241
v= 0.042327
dequeued node 688, type AND
0.000000, 7.572170, 15.144300
 0.004724 0.044052 0.062509
 0.017186 0.048983 0.067411
v= 0.048958
0.000000, 7.572170, 15.144300
 0.004724 0.044052 0.062509
 0.017186 0.048983 0.067411
v= 0.049085
0.000000, 7.572170, 15.144300
 0.004724 0.020891 0.037773
 0.017186 0.020908 0.037770
v= 0.024413
dequeued node 696, type AND
0.000000, 15.144300, 30.288700
 0.004724 0.062509 0.098984
 0.017186 0.067411 0.103888
v= 0.067442
0.000000, 15.144300, 30.288700
 0.004724 0.062509 0.098984
 0.017186 0.067411 0.103888
v= 0.067315
0.000000, 15.144300, 30.288700
 0.004724 0.037773 0.072234
 0.017186 0.037770 0.072241
v= 0.041318
dequeued node 710, type AND
0.000000, 7.572170, 15.144300
 0.004724 0.044052 0.062509
 0.017186 0.048983 0.067411
v= 0.051195
0.000000, 7.572170, 15.144300
 0.004724 0.044052 0.062509
 0.017186 0.048983 0.067411
v= 0.051195
0.000000, 7.572170, 15.144300
 0.004724 0.020891 0.037773
 0.017186 0.020908 0.037770
v= 0.026459
dequeued node 618, type NOT
0.000000, 0.365616, 1.897810
 0.004724 0.007266 0.011031
 0.017186 0.011759 0.017202
v= 0.013582
0.000000, 0.365616, 1.897810
 0.004724 0.003321 0.006755
 0.017186 0.006463 0.009176
v= 0.007702
dequeued node 639, type AND
0.000000, 1.893040, 3.786090
 0.004724 0.029133 0.034403
 0.017186 0.034149 0.039381
v= 0.030385
0.000000, 1.893040, 3.786090
 0.004724 0.029133 0.034403
 0.017186 0.034149 0.039381
v= 0.031510
0.000000, 1.893040, 3.786090
 0.004724 0.008919 0.012819
 0.017186 0.008949 0.012846
v= 0.009048
dequeued node 528, type NOT
0.000000, 0.365616, 1.897810
 0.004724 0.007266 0.011031
 0.017186 0.011759 0.017202
v= 0.011977
0.000000, 0.365616, 1.897810
 0.004724 0.003321 0.006755
 0.017186 0.006463 0.009176
v= 0.006822
dequeued node 572, type AND
0.000000, 0.365616, 1.893040
 0.004724 0.024180 0.029133
 0.017186 0.029231 0.034149
v= 0.028983
0.000000, 0.365616, 1.893040
 0.004724 0.024180 0.029133
 0.017186 0.029231 0.034149
v= 0.029380
0.000000, 0.365616, 1.893040
 0.004724 0.005728 0.008919
 0.017186 0.005757 0.008949
v= 0.008312
dequeued node 573, type AND
0.000000, 15.144300, 30.288700
 0.004724 0.062509 0.098984
 0.017186 0.067411 0.103888
v= 0.074463
0.000000, 15.144300, 30.288700
 0.004724 0.062509 0.098984
 0.017186 0.067411 0.103888
v= 0.074563
0.000000, 15.144300, 30.288700
 0.004724 0.037773 0.072234
 0.017186 0.037770 0.072241
v= 0.048055
dequeued node 1926, type BUFF
0.000000, 7.581710, 15.163400
 0.004724 0.034838 0.053178
 0.017186 0.039601 0.057926
v= 0.048592
0.000000, 7.581710, 15.163400
 0.004724 0.020097 0.037377
 0.017186 0.020107 0.037372
v= 0.031502
dequeued node 1927, type BUFF
0.000000, 15.163400, 30.326900
 0.004724 0.053178 0.089661
 0.017186 0.057926 0.094430
v= 0.064586
0.000000, 15.163400, 30.326900
 0.004724 0.037377 0.071974
 0.017186 0.037372 0.071989
v= 0.046631
dequeued node 621, type AND
0.000000, 0.365616, 1.893040
 0.004724 0.024180 0.029133
 0.017186 0.029231 0.034149
v= 0.028983
0.000000, 0.365616, 1.893040
 0.004724 0.024180 0.029133
 0.017186 0.029231 0.034149
v= 0.029380
0.000000, 0.365616, 1.893040
 0.004724 0.005728 0.008919
 0.017186 0.005757 0.008949
v= 0.008312
dequeued node 622, type AND
0.000000, 15.144300, 30.288700
 0.004724 0.062509 0.098984
 0.017186 0.067411 0.103888
v= 0.080525
0.000000, 15.144300, 30.288700
 0.004724 0.062509 0.098984
 0.017186 0.067411 0.103888
v= 0.080626
0.000000, 15.144300, 30.288700
 0.004724 0.037773 0.072234
 0.017186 0.037770 0.072241
v= 0.053783
dequeued node 1928, type BUFF
0.000000, 7.581710, 15.163400
 0.004724 0.034838 0.053178
 0.017186 0.039601 0.057926
v= 0.048592
0.000000, 7.581710, 15.163400
 0.004724 0.020097 0.037377
 0.017186 0.020107 0.037372
v= 0.031502
dequeued node 1929, type BUFF
0.000000, 15.163400, 30.326900
 0.004724 0.053178 0.089661
 0.017186 0.057926 0.094430
v= 0.058528
0.000000, 15.163400, 30.326900
 0.004724 0.037377 0.071974
 0.017186 0.037372 0.071989
v= 0.040886
dequeued node 867, type NAND
0.000000, 0.365616, 1.854900
 0.004724 0.008963 0.012708
 0.017186 0.014183 0.018954
v= 0.013711
0.000000, 0.365616, 1.854900
 0.004724 0.008963 0.012708
 0.017186 0.014183 0.018954
v= 0.013711
0.000000, 0.365616, 1.854900
 0.004724 0.008963 0.012708
 0.017186 0.014183 0.018954
v= 0.013711
0.000000, 0.365616, 1.854900
 0.004724 0.008963 0.012708
 0.017186 0.014183 0.018954
v= 0.013711
0.000000, 0.365616, 1.854900
 0.004724 0.008963 0.012708
 0.017186 0.014183 0.018954
v= 0.017326
0.000000, 0.365616, 1.854900
 0.004724 0.008963 0.012708
 0.017186 0.014183 0.018954
v= 0.013711
0.000000, 0.365616, 1.854900
 0.004724 0.008963 0.012708
 0.017186 0.014183 0.018954
v= 0.013711
0.000000, 0.365616, 1.854900
 0.004724 0.008963 0.012708
 0.017186 0.014183 0.018954
v= 0.017326
0.000000, 0.365616, 1.854900
 0.004724 0.004754 0.008147
 0.017186 0.007798 0.009978
v= 0.008415
dequeued node 883, type NAND
0.000000, 0.365616, 1.854900
 0.040984 0.019867 0.026671
 0.078060 0.026280 0.034888
v= 0.023742
0.000000, 0.365616, 1.854900
 0.004724 0.008963 0.012708
 0.017186 0.014183 0.018954
v= 0.011965
0.000000, 0.365616, 1.854900
 0.040984 0.019867 0.026671
 0.078060 0.026280 0.034888
v= 0.022648
0.000000, 0.365616, 1.854900
 0.040984 0.019867 0.026671
 0.078060 0.026280 0.034888
v= 0.023742
0.000000, 0.365616, 1.854900
 0.017186 0.014183 0.018954
 0.040984 0.019867 0.026671
v= 0.020105
0.000000, 0.365616, 1.854900
 0.040984 0.012263 0.015676
 0.078060 0.017839 0.022083
v= 0.014651
dequeued node 792, type NAND
0.000000, 1.854900, 3.709790
 0.017186 0.018954 0.023639
 0.040984 0.026671 0.033636
v= 0.025759
0.000000, 1.854900, 3.709790
 0.040984 0.026671 0.033636
 0.078060 0.034888 0.043833
v= 0.032239
0.000000, 1.854900, 3.709790
 0.040984 0.026671 0.033636
 0.078060 0.034888 0.043833
v= 0.029238
0.000000, 1.854900, 3.709790
 0.040984 0.026671 0.033636
 0.078060 0.034888 0.043833
v= 0.029238
0.000000, 1.854900, 3.709790
 0.040984 0.026671 0.033636
 0.078060 0.034888 0.043833
v= 0.031310
0.000000, 1.854900, 3.709790
 0.040984 0.015676 0.019146
 0.078060 0.022083 0.026668
v= 0.019264
dequeued node 796, type NAND
0.000000, 1.854900, 3.709790
 0.040984 0.026671 0.033636
 0.078060 0.034888 0.043833
v= 0.030517
0.000000, 1.854900, 3.709790
 0.040984 0.026671 0.033636
 0.078060 0.034888 0.043833
v= 0.032239
0.000000, 1.854900, 3.709790
 0.040984 0.026671 0.033636
 0.078060 0.034888 0.043833
v= 0.029238
0.000000, 1.854900, 3.709790
 0.017186 0.018954 0.023639
 0.040984 0.026671 0.033636
v= 0.025229
0.000000, 1.854900, 3.709790
 0.040984 0.026671 0.033636
 0.078060 0.034888 0.043833
v= 0.031310
0.000000, 1.854900, 3.709790
 0.040984 0.015676 0.019146
 0.078060 0.022083 0.026668
v= 0.019264
dequeued node 800, type NAND
0.000000, 1.854900, 3.709790
 0.040984 0.026671 0.033636
 0.078060 0.034888 0.043833
v= 0.030517
0.000000, 1.854900, 3.709790
 0.040984 0.026671 0.033636
 0.078060 0.034888 0.043833
v= 0.032239
0.000000, 1.854900, 3.709790
 0.017186 0.018954 0.023639
 0.040984 0.026671 0.033636
v= 0.023951
0.000000, 1.854900, 3.709790
 0.040984 0.026671 0.033636
 0.078060 0.034888 0.043833
v= 0.030860
0.000000, 1.854900, 3.709790
 0.040984 0.026671 0.033636
 0.078060 0.034888 0.043833
v= 0.031310
0.000000, 1.854900, 3.709790
 0.040984 0.015676 0.019146
 0.078060 0.022083 0.026668
v= 0.019264
dequeued node 804, type NAND
0.000000, 1.854900, 3.709790
 0.040984 0.026671 0.033636
 0.078060 0.034888 0.043833
v= 0.030517
0.000000, 1.854900, 3.709790
 0.040984 0.026671 0.033636
 0.078060 0.034888 0.043833
v= 0.032239
0.000000, 1.854900, 3.709790
 0.040984 0.026671 0.033636
 0.078060 0.034888 0.043833
v= 0.029481
0.000000, 1.854900, 3.709790
 0.004724 0.012708 0.017300
 0.017186 0.018954 0.023639
v= 0.019770
0.000000, 1.854900, 3.709790
 0.040984 0.026671 0.033636
 0.078060 0.034888 0.043833
v= 0.031310
0.000000, 1.854900, 3.709790
 0.040984 0.015676 0.019146
 0.078060 0.022083 0.026668
v= 0.019264
dequeued node 808, type NAND
0.000000, 1.854900, 3.709790
 0.040984 0.026671 0.033636
 0.078060 0.034888 0.043833
v= 0.030517
0.000000, 1.854900, 3.709790
 0.040984 0.026671 0.033636
 0.078060 0.034888 0.043833
v= 0.032239
0.000000, 1.854900, 3.709790
 0.017186 0.018954 0.023639
 0.040984 0.026671 0.033636
v= 0.023217
0.000000, 1.854900, 3.709790
 0.040984 0.026671 0.033636
 0.078060 0.034888 0.043833
v= 0.029238
0.000000, 1.854900, 3.709790
 0.040984 0.026671 0.033636
 0.078060 0.034888 0.043833
v= 0.031310
0.000000, 1.854900, 3.709790
 0.040984 0.015676 0.019146
 0.078060 0.022083 0.026668
v= 0.019264
dequeued node 871, type NAND
0.000000, 0.365616, 1.854900
 0.040984 0.019867 0.026671
 0.078060 0.026280 0.034888
v= 0.023470
0.000000, 0.365616, 1.854900
 0.040984 0.019867 0.026671
 0.078060 0.026280 0.034888
v= 0.024836
0.000000, 0.365616, 1.854900
 0.040984 0.019867 0.026671
 0.078060 0.026280 0.034888
v= 0.022648
0.000000, 0.365616, 1.854900
 0.040984 0.019867 0.026671
 0.078060 0.026280 0.034888
v= 0.023742
0.000000, 0.365616, 1.854900
 0.017186 0.014183 0.018954
 0.040984 0.019867 0.026671
v= 0.020105
0.000000, 0.365616, 1.854900
 0.040984 0.012263 0.015676
 0.078060 0.017839 0.022083
v= 0.015560
dequeued node 875, type NAND
0.000000, 0.365616, 1.854900
 0.040984 0.019867 0.026671
 0.078060 0.026280 0.034888
v= 0.023742
0.000000, 0.365616, 1.854900
 0.040984 0.019867 0.026671
 0.078060 0.026280 0.034888
v= 0.024836
0.000000, 0.365616, 1.854900
 0.040984 0.019867 0.026671
 0.078060 0.026280 0.034888
v= 0.022455
0.000000, 0.365616, 1.854900
 0.040984 0.019867 0.026671
 0.078060 0.026280 0.034888
v= 0.023742
0.000000, 0.365616, 1.854900
 0.017186 0.014183 0.018954
 0.040984 0.019867 0.026671
v= 0.020105
0.000000, 0.365616, 1.854900
 0.040984 0.012263 0.015676
 0.078060 0.017839 0.022083
v= 0.015560
dequeued node 877, type NAND
0.000000, 0.365616, 1.854900
 0.040984 0.019867 0.026671
 0.078060 0.026280 0.034888
v= 0.023742
0.000000, 0.365616, 1.854900
 0.040984 0.019867 0.026671
 0.078060 0.026280 0.034888
v= 0.024836
0.000000, 0.365616, 1.854900
 0.040984 0.019867 0.026671
 0.078060 0.026280 0.034888
v= 0.022648
0.000000, 0.365616, 1.854900
 0.040984 0.019867 0.026671
 0.078060 0.026280 0.034888
v= 0.022455
0.000000, 0.365616, 1.854900
 0.017186 0.014183 0.018954
 0.040984 0.019867 0.026671
v= 0.020105
0.000000, 0.365616, 1.854900
 0.040984 0.012263 0.015676
 0.078060 0.017839 0.022083
v= 0.015560
dequeued node 879, type NAND
0.000000, 0.365616, 1.854900
 0.040984 0.019867 0.026671
 0.078060 0.026280 0.034888
v= 0.023742
0.000000, 0.365616, 1.854900
 0.040984 0.019867 0.026671
 0.078060 0.026280 0.034888
v= 0.024836
0.000000, 0.365616, 1.854900
 0.040984 0.019867 0.026671
 0.078060 0.026280 0.034888
v= 0.022648
0.000000, 0.365616, 1.854900
 0.017186 0.014183 0.018954
 0.040984 0.019867 0.026671
v= 0.019426
0.000000, 0.365616, 1.854900
 0.017186 0.014183 0.018954
 0.040984 0.019867 0.026671
v= 0.020105
0.000000, 0.365616, 1.854900
 0.040984 0.012263 0.015676
 0.078060 0.017839 0.022083
v= 0.015560
dequeued node 881, type NAND
0.000000, 0.365616, 1.854900
 0.040984 0.019867 0.026671
 0.078060 0.026280 0.034888
v= 0.023742
0.000000, 0.365616, 1.854900
 0.040984 0.019867 0.026671
 0.078060 0.026280 0.034888
v= 0.024836
0.000000, 0.365616, 1.854900
 0.017186 0.014183 0.018954
 0.040984 0.019867 0.026671
v= 0.017908
0.000000, 0.365616, 1.854900
 0.040984 0.019867 0.026671
 0.078060 0.026280 0.034888
v= 0.023742
0.000000, 0.365616, 1.854900
 0.017186 0.014183 0.018954
 0.040984 0.019867 0.026671
v= 0.020105
0.000000, 0.365616, 1.854900
 0.040984 0.012263 0.015676
 0.078060 0.017839 0.022083
v= 0.015560
dequeued node 885, type NAND
0.000000, 0.365616, 1.854900
 0.004724 0.008963 0.012708
 0.017186 0.014183 0.018954
v= 0.011965
0.000000, 0.365616, 1.854900
 0.040984 0.019867 0.026671
 0.078060 0.026280 0.034888
v= 0.024836
0.000000, 0.365616, 1.854900
 0.040984 0.019867 0.026671
 0.078060 0.026280 0.034888
v= 0.022648
0.000000, 0.365616, 1.854900
 0.040984 0.019867 0.026671
 0.078060 0.026280 0.034888
v= 0.023742
0.000000, 0.365616, 1.854900
 0.017186 0.014183 0.018954
 0.040984 0.019867 0.026671
v= 0.020105
0.000000, 0.365616, 1.854900
 0.040984 0.012263 0.015676
 0.078060 0.017839 0.022083
v= 0.015560
dequeued node 1541, type AND
0.000000, 1.893040, 3.786090
 0.017186 0.034149 0.039381
 0.040984 0.041310 0.046621
v= 0.042379
0.000000, 1.893040, 3.786090
 0.040984 0.041310 0.046621
 0.078060 0.047380 0.052945
v= 0.047416
0.000000, 1.893040, 3.786090
 0.040984 0.041310 0.046621
 0.078060 0.047380 0.052945
v= 0.045312
0.000000, 1.893040, 3.786090
 0.040984 0.041310 0.046621
 0.078060 0.047380 0.052945
v= 0.045312
0.000000, 1.893040, 3.786090
 0.040984 0.041310 0.046621
 0.078060 0.047380 0.052945
v= 0.046765
0.000000, 1.893040, 3.786090
 0.040984 0.009662 0.013388
 0.078060 0.011029 0.014352
v= 0.012799
dequeued node 1549, type AND
0.000000, 1.893040, 3.786090
 0.040984 0.041310 0.046621
 0.078060 0.047380 0.052945
v= 0.046209
0.000000, 1.893040, 3.786090
 0.040984 0.041310 0.046621
 0.078060 0.047380 0.052945
v= 0.047416
0.000000, 1.893040, 3.786090
 0.040984 0.041310 0.046621
 0.078060 0.047380 0.052945
v= 0.045312
0.000000, 1.893040, 3.786090
 0.017186 0.034149 0.039381
 0.040984 0.041310 0.046621
v= 0.041930
0.000000, 1.893040, 3.786090
 0.040984 0.041310 0.046621
 0.078060 0.047380 0.052945
v= 0.046765
0.000000, 1.893040, 3.786090
 0.040984 0.009662 0.013388
 0.078060 0.011029 0.014352
v= 0.012799
dequeued node 1557, type AND
0.000000, 1.893040, 3.786090
 0.040984 0.041310 0.046621
 0.078060 0.047380 0.052945
v= 0.046209
0.000000, 1.893040, 3.786090
 0.040984 0.041310 0.046621
 0.078060 0.047380 0.052945
v= 0.047416
0.000000, 1.893040, 3.786090
 0.017186 0.034149 0.039381
 0.040984 0.041310 0.046621
v= 0.040849
0.000000, 1.893040, 3.786090
 0.040984 0.041310 0.046621
 0.078060 0.047380 0.052945
v= 0.046449
0.000000, 1.893040, 3.786090
 0.040984 0.041310 0.046621
 0.078060 0.047380 0.052945
v= 0.046765
0.000000, 1.893040, 3.786090
 0.040984 0.009662 0.013388
 0.078060 0.011029 0.014352
v= 0.012799
dequeued node 1565, type AND
0.000000, 1.893040, 3.786090
 0.040984 0.041310 0.046621
 0.078060 0.047380 0.052945
v= 0.046209
0.000000, 1.893040, 3.786090
 0.040984 0.041310 0.046621
 0.078060 0.047380 0.052945
v= 0.047416
0.000000, 1.893040, 3.786090
 0.040984 0.041310 0.046621
 0.078060 0.047380 0.052945
v= 0.045482
0.000000, 1.893040, 3.786090
 0.004724 0.029133 0.034403
 0.017186 0.034149 0.039381
v= 0.037355
0.000000, 1.893040, 3.786090
 0.040984 0.041310 0.046621
 0.078060 0.047380 0.052945
v= 0.046765
0.000000, 1.893040, 3.786090
 0.040984 0.009662 0.013388
 0.078060 0.011029 0.014352
v= 0.012799
dequeued node 1573, type AND
0.000000, 1.893040, 3.786090
 0.040984 0.041310 0.046621
 0.078060 0.047380 0.052945
v= 0.046209
0.000000, 1.893040, 3.786090
 0.040984 0.041310 0.046621
 0.078060 0.047380 0.052945
v= 0.047416
0.000000, 1.893040, 3.786090
 0.017186 0.034149 0.039381
 0.040984 0.041310 0.046621
v= 0.040228
0.000000, 1.893040, 3.786090
 0.040984 0.041310 0.046621
 0.078060 0.047380 0.052945
v= 0.045312
0.000000, 1.893040, 3.786090
 0.040984 0.041310 0.046621
 0.078060 0.047380 0.052945
v= 0.046765
0.000000, 1.893040, 3.786090
 0.040984 0.009662 0.013388
 0.078060 0.011029 0.014352
v= 0.012799
dequeued node 776, type NAND
0.000000, 1.854900, 3.709790
 0.017186 0.018954 0.023639
 0.040984 0.026671 0.033636
v= 0.025759
0.000000, 1.854900, 3.709790
 0.017186 0.018954 0.023639
 0.040984 0.026671 0.033636
v= 0.025759
0.000000, 1.854900, 3.709790
 0.040984 0.026671 0.033636
 0.078060 0.034888 0.043833
v= 0.029238
0.000000, 1.854900, 3.709790
 0.040984 0.026671 0.033636
 0.078060 0.034888 0.043833
v= 0.030860
0.000000, 1.854900, 3.709790
 0.040984 0.026671 0.033636
 0.078060 0.034888 0.043833
v= 0.031310
0.000000, 1.854900, 3.709790
 0.040984 0.015676 0.019146
 0.078060 0.022083 0.026668
v= 0.016976
dequeued node 780, type NAND
0.000000, 1.854900, 3.709790
 0.017186 0.018954 0.023639
 0.040984 0.026671 0.033636
v= 0.025759
0.000000, 1.854900, 3.709790
 0.017186 0.018954 0.023639
 0.040984 0.026671 0.033636
v= 0.025759
0.000000, 1.854900, 3.709790
 0.040984 0.026671 0.033636
 0.078060 0.034888 0.043833
v= 0.029481
0.000000, 1.854900, 3.709790
 0.040984 0.026671 0.033636
 0.078060 0.034888 0.043833
v= 0.029238
0.000000, 1.854900, 3.709790
 0.040984 0.026671 0.033636
 0.078060 0.034888 0.043833
v= 0.031310
0.000000, 1.854900, 3.709790
 0.040984 0.015676 0.019146
 0.078060 0.022083 0.026668
v= 0.017161
dequeued node 784, type NAND
0.000000, 1.854900, 3.709790
 0.017186 0.018954 0.023639
 0.040984 0.026671 0.033636
v= 0.025759
0.000000, 1.854900, 3.709790
 0.017186 0.018954 0.023639
 0.040984 0.026671 0.033636
v= 0.025759
0.000000, 1.854900, 3.709790
 0.040984 0.026671 0.033636
 0.078060 0.034888 0.043833
v= 0.029481
0.000000, 1.854900, 3.709790
 0.017186 0.018954 0.023639
 0.040984 0.026671 0.033636
v= 0.025229
0.000000, 1.854900, 3.709790
 0.040984 0.026671 0.033636
 0.078060 0.034888 0.043833
v= 0.031310
0.000000, 1.854900, 3.709790
 0.040984 0.015676 0.019146
 0.078060 0.022083 0.026668
v= 0.017161
dequeued node 788, type NAND
0.000000, 1.854900, 3.709790
 0.017186 0.018954 0.023639
 0.040984 0.026671 0.033636
v= 0.025759
0.000000, 1.854900, 3.709790
 0.017186 0.018954 0.023639
 0.040984 0.026671 0.033636
v= 0.025759
0.000000, 1.854900, 3.709790
 0.017186 0.018954 0.023639
 0.040984 0.026671 0.033636
v= 0.023217
0.000000, 1.854900, 3.709790
 0.040984 0.026671 0.033636
 0.078060 0.034888 0.043833
v= 0.030860
0.000000, 1.854900, 3.709790
 0.040984 0.026671 0.033636
 0.078060 0.034888 0.043833
v= 0.031310
0.000000, 1.854900, 3.709790
 0.017186 0.009978 0.013018
 0.040984 0.015676 0.019146
v= 0.014584
dequeued node 812, type NAND
0.000000, 1.854900, 3.709790
 0.040984 0.026671 0.033636
 0.078060 0.034888 0.043833
v= 0.030517
0.000000, 1.854900, 3.709790
 0.017186 0.018954 0.023639
 0.040984 0.026671 0.033636
v= 0.025759
0.000000, 1.854900, 3.709790
 0.017186 0.018954 0.023639
 0.040984 0.026671 0.033636
v= 0.023951
0.000000, 1.854900, 3.709790
 0.017186 0.018954 0.023639
 0.040984 0.026671 0.033636
v= 0.025229
0.000000, 1.854900, 3.709790
 0.040984 0.026671 0.033636
 0.078060 0.034888 0.043833
v= 0.031310
0.000000, 1.854900, 3.709790
 0.040984 0.015676 0.019146
 0.078060 0.022083 0.026668
v= 0.017951
dequeued node 1509, type AND
0.000000, 1.893040, 3.786090
 0.017186 0.034149 0.039381
 0.040984 0.041310 0.046621
v= 0.042379
0.000000, 1.893040, 3.786090
 0.017186 0.034149 0.039381
 0.040984 0.041310 0.046621
v= 0.042379
0.000000, 1.893040, 3.786090
 0.040984 0.041310 0.046621
 0.078060 0.047380 0.052945
v= 0.045312
0.000000, 1.893040, 3.786090
 0.040984 0.041310 0.046621
 0.078060 0.047380 0.052945
v= 0.046449
0.000000, 1.893040, 3.786090
 0.040984 0.041310 0.046621
 0.078060 0.047380 0.052945
v= 0.046765
0.000000, 1.893040, 3.786090
 0.040984 0.009662 0.013388
 0.078060 0.011029 0.014352
v= 0.012440
dequeued node 1517, type AND
0.000000, 1.893040, 3.786090
 0.017186 0.034149 0.039381
 0.040984 0.041310 0.046621
v= 0.042379
0.000000, 1.893040, 3.786090
 0.017186 0.034149 0.039381
 0.040984 0.041310 0.046621
v= 0.042379
0.000000, 1.893040, 3.786090
 0.040984 0.041310 0.046621
 0.078060 0.047380 0.052945
v= 0.045482
0.000000, 1.893040, 3.786090
 0.040984 0.041310 0.046621
 0.078060 0.047380 0.052945
v= 0.045312
0.000000, 1.893040, 3.786090
 0.040984 0.041310 0.046621
 0.078060 0.047380 0.052945
v= 0.046765
0.000000, 1.893040, 3.786090
 0.017186 0.008949 0.012846
 0.040984 0.009662 0.013388
v= 0.012197
dequeued node 1525, type AND
0.000000, 1.893040, 3.786090
 0.017186 0.034149 0.039381
 0.040984 0.041310 0.046621
v= 0.042379
0.000000, 1.893040, 3.786090
 0.017186 0.034149 0.039381
 0.040984 0.041310 0.046621
v= 0.042379
0.000000, 1.893040, 3.786090
 0.040984 0.041310 0.046621
 0.078060 0.047380 0.052945
v= 0.045482
0.000000, 1.893040, 3.786090
 0.017186 0.034149 0.039381
 0.040984 0.041310 0.046621
v= 0.041930
0.000000, 1.893040, 3.786090
 0.040984 0.041310 0.046621
 0.078060 0.047380 0.052945
v= 0.046765
0.000000, 1.893040, 3.786090
 0.017186 0.008949 0.012846
 0.040984 0.009662 0.013388
v= 0.012197
dequeued node 1533, type AND
0.000000, 1.893040, 3.786090
 0.017186 0.034149 0.039381
 0.040984 0.041310 0.046621
v= 0.042379
0.000000, 1.893040, 3.786090
 0.017186 0.034149 0.039381
 0.040984 0.041310 0.046621
v= 0.042379
0.000000, 1.893040, 3.786090
 0.017186 0.034149 0.039381
 0.040984 0.041310 0.046621
v= 0.040228
0.000000, 1.893040, 3.786090
 0.040984 0.041310 0.046621
 0.078060 0.047380 0.052945
v= 0.046449
0.000000, 1.893040, 3.786090
 0.040984 0.041310 0.046621
 0.078060 0.047380 0.052945
v= 0.046765
0.000000, 1.893040, 3.786090
 0.017186 0.008949 0.012846
 0.040984 0.009662 0.013388
v= 0.012197
dequeued node 1581, type AND
0.000000, 1.893040, 3.786090
 0.040984 0.041310 0.046621
 0.078060 0.047380 0.052945
v= 0.046209
0.000000, 1.893040, 3.786090
 0.017186 0.034149 0.039381
 0.040984 0.041310 0.046621
v= 0.042379
0.000000, 1.893040, 3.786090
 0.017186 0.034149 0.039381
 0.040984 0.041310 0.046621
v= 0.040849
0.000000, 1.893040, 3.786090
 0.017186 0.034149 0.039381
 0.040984 0.041310 0.046621
v= 0.041930
0.000000, 1.893040, 3.786090
 0.040984 0.041310 0.046621
 0.078060 0.047380 0.052945
v= 0.046765
0.000000, 1.893040, 3.786090
 0.040984 0.009662 0.013388
 0.078060 0.011029 0.014352
v= 0.012593
dequeued node 832, type NAND
0.000000, 1.854900, 3.709790
 0.040984 0.026671 0.033636
 0.078060 0.034888 0.043833
v= 0.030517
0.000000, 1.854900, 3.709790
 0.017186 0.018954 0.023639
 0.040984 0.026671 0.033636
v= 0.029123
0.000000, 1.854900, 3.709790
 0.040984 0.026671 0.033636
 0.078060 0.034888 0.043833
v= 0.029238
0.000000, 1.854900, 3.709790
 0.004724 0.012708 0.017300
 0.017186 0.018954 0.023639
v= 0.019770
0.000000, 1.854900, 3.709790
 0.040984 0.026671 0.033636
 0.078060 0.034888 0.043833
v= 0.031310
0.000000, 1.854900, 3.709790
 0.040984 0.015676 0.019146
 0.078060 0.022083 0.026668
v= 0.017951
dequeued node 836, type NAND
0.000000, 1.854900, 3.709790
 0.040984 0.026671 0.033636
 0.078060 0.034888 0.043833
v= 0.030517
0.000000, 1.854900, 3.709790
 0.017186 0.018954 0.023639
 0.040984 0.026671 0.033636
v= 0.029123
0.000000, 1.854900, 3.709790
 0.017186 0.018954 0.023639
 0.040984 0.026671 0.033636
v= 0.023951
0.000000, 1.854900, 3.709790
 0.040984 0.026671 0.033636
 0.078060 0.034888 0.043833
v= 0.029238
0.000000, 1.854900, 3.709790
 0.040984 0.026671 0.033636
 0.078060 0.034888 0.043833
v= 0.031310
0.000000, 1.854900, 3.709790
 0.040984 0.015676 0.019146
 0.078060 0.022083 0.026668
v= 0.017951
dequeued node 1621, type AND
0.000000, 1.893040, 3.786090
 0.040984 0.041310 0.046621
 0.078060 0.047380 0.052945
v= 0.046209
0.000000, 1.893040, 3.786090
 0.017186 0.034149 0.039381
 0.040984 0.041310 0.046621
v= 0.045226
0.000000, 1.893040, 3.786090
 0.040984 0.041310 0.046621
 0.078060 0.047380 0.052945
v= 0.045312
0.000000, 1.893040, 3.786090
 0.004724 0.029133 0.034403
 0.017186 0.034149 0.039381
v= 0.037355
0.000000, 1.893040, 3.786090
 0.040984 0.041310 0.046621
 0.078060 0.047380 0.052945
v= 0.046765
0.000000, 1.893040, 3.786090
 0.040984 0.009662 0.013388
 0.078060 0.011029 0.014352
v= 0.012593
dequeued node 1629, type AND
0.000000, 1.893040, 3.786090
 0.040984 0.041310 0.046621
 0.078060 0.047380 0.052945
v= 0.046209
0.000000, 1.893040, 3.786090
 0.017186 0.034149 0.039381
 0.040984 0.041310 0.046621
v= 0.045226
0.000000, 1.893040, 3.786090
 0.017186 0.034149 0.039381
 0.040984 0.041310 0.046621
v= 0.040849
0.000000, 1.893040, 3.786090
 0.040984 0.041310 0.046621
 0.078060 0.047380 0.052945
v= 0.045312
0.000000, 1.893040, 3.786090
 0.040984 0.041310 0.046621
 0.078060 0.047380 0.052945
v= 0.046765
0.000000, 1.893040, 3.786090
 0.040984 0.009662 0.013388
 0.078060 0.011029 0.014352
v= 0.012593
dequeued node 816, type NAND
0.000000, 1.854900, 3.709790
 0.040984 0.026671 0.033636
 0.078060 0.034888 0.043833
v= 0.030860
0.000000, 1.854900, 3.709790
 0.017186 0.018954 0.023639
 0.040984 0.026671 0.033636
v= 0.029123
0.000000, 1.854900, 3.709790
 0.040984 0.026671 0.033636
 0.078060 0.034888 0.043833
v= 0.029238
0.000000, 1.854900, 3.709790
 0.040984 0.026671 0.033636
 0.078060 0.034888 0.043833
v= 0.029238
0.000000, 1.854900, 3.709790
 0.040984 0.026671 0.033636
 0.078060 0.034888 0.043833
v= 0.031310
0.000000, 1.854900, 3.709790
 0.017186 0.009978 0.013018
 0.040984 0.015676 0.019146
v= 0.016891
dequeued node 820, type NAND
0.000000, 1.854900, 3.709790
 0.040984 0.026671 0.033636
 0.078060 0.034888 0.043833
v= 0.030860
0.000000, 1.854900, 3.709790
 0.017186 0.018954 0.023639
 0.040984 0.026671 0.033636
v= 0.029123
0.000000, 1.854900, 3.709790
 0.040984 0.026671 0.033636
 0.078060 0.034888 0.043833
v= 0.029238
0.000000, 1.854900, 3.709790
 0.017186 0.018954 0.023639
 0.040984 0.026671 0.033636
v= 0.025229
0.000000, 1.854900, 3.709790
 0.040984 0.026671 0.033636
 0.078060 0.034888 0.043833
v= 0.031310
0.000000, 1.854900, 3.709790
 0.017186 0.009978 0.013018
 0.040984 0.015676 0.019146
v= 0.016891
dequeued node 824, type NAND
0.000000, 1.854900, 3.709790
 0.040984 0.026671 0.033636
 0.078060 0.034888 0.043833
v= 0.030860
0.000000, 1.854900, 3.709790
 0.017186 0.018954 0.023639
 0.040984 0.026671 0.033636
v= 0.029123
0.000000, 1.854900, 3.709790
 0.017186 0.018954 0.023639
 0.040984 0.026671 0.033636
v= 0.023951
0.000000, 1.854900, 3.709790
 0.040984 0.026671 0.033636
 0.078060 0.034888 0.043833
v= 0.030860
0.000000, 1.854900, 3.709790
 0.040984 0.026671 0.033636
 0.078060 0.034888 0.043833
v= 0.031310
0.000000, 1.854900, 3.709790
 0.017186 0.009978 0.013018
 0.040984 0.015676 0.019146
v= 0.016891
dequeued node 828, type NAND
0.000000, 1.854900, 3.709790
 0.040984 0.026671 0.033636
 0.078060 0.034888 0.043833
v= 0.030860
0.000000, 1.854900, 3.709790
 0.017186 0.018954 0.023639
 0.040984 0.026671 0.033636
v= 0.029123
0.000000, 1.854900, 3.709790
 0.017186 0.018954 0.023639
 0.040984 0.026671 0.033636
v= 0.023217
0.000000, 1.854900, 3.709790
 0.040984 0.026671 0.033636
 0.078060 0.034888 0.043833
v= 0.029238
0.000000, 1.854900, 3.709790
 0.040984 0.026671 0.033636
 0.078060 0.034888 0.043833
v= 0.031310
0.000000, 1.854900, 3.709790
 0.017186 0.009978 0.013018
 0.040984 0.015676 0.019146
v= 0.016891
dequeued node 873, type NAND
0.000000, 0.365616, 1.854900
 0.040984 0.019867 0.026671
 0.078060 0.026280 0.034888
v= 0.023742
0.000000, 0.365616, 1.854900
 0.017186 0.014183 0.018954
 0.040984 0.019867 0.026671
v= 0.022365
0.000000, 0.365616, 1.854900
 0.040984 0.019867 0.026671
 0.078060 0.026280 0.034888
v= 0.022648
0.000000, 0.365616, 1.854900
 0.040984 0.019867 0.026671
 0.078060 0.026280 0.034888
v= 0.023742
0.000000, 0.365616, 1.854900
 0.017186 0.014183 0.018954
 0.040984 0.019867 0.026671
v= 0.020105
0.000000, 0.365616, 1.854900
 0.017186 0.007798 0.009978
 0.040984 0.012263 0.015676
v= 0.013509
dequeued node 1589, type AND
0.000000, 1.893040, 3.786090
 0.040984 0.041310 0.046621
 0.078060 0.047380 0.052945
v= 0.046449
0.000000, 1.893040, 3.786090
 0.017186 0.034149 0.039381
 0.040984 0.041310 0.046621
v= 0.045226
0.000000, 1.893040, 3.786090
 0.040984 0.041310 0.046621
 0.078060 0.047380 0.052945
v= 0.045312
0.000000, 1.893040, 3.786090
 0.040984 0.041310 0.046621
 0.078060 0.047380 0.052945
v= 0.045312
0.000000, 1.893040, 3.786090
 0.040984 0.041310 0.046621
 0.078060 0.047380 0.052945
v= 0.046765
0.000000, 1.893040, 3.786090
 0.017186 0.008949 0.012846
 0.040984 0.009662 0.013388
v= 0.012428
dequeued node 1597, type AND
0.000000, 1.893040, 3.786090
 0.040984 0.041310 0.046621
 0.078060 0.047380 0.052945
v= 0.046449
0.000000, 1.893040, 3.786090
 0.017186 0.034149 0.039381
 0.040984 0.041310 0.046621
v= 0.045226
0.000000, 1.893040, 3.786090
 0.040984 0.041310 0.046621
 0.078060 0.047380 0.052945
v= 0.045312
0.000000, 1.893040, 3.786090
 0.017186 0.034149 0.039381
 0.040984 0.041310 0.046621
v= 0.041930
0.000000, 1.893040, 3.786090
 0.040984 0.041310 0.046621
 0.078060 0.047380 0.052945
v= 0.046765
0.000000, 1.893040, 3.786090
 0.017186 0.008949 0.012846
 0.040984 0.009662 0.013388
v= 0.012428
dequeued node 1605, type AND
0.000000, 1.893040, 3.786090
 0.040984 0.041310 0.046621
 0.078060 0.047380 0.052945
v= 0.046449
0.000000, 1.893040, 3.786090
 0.017186 0.034149 0.039381
 0.040984 0.041310 0.046621
v= 0.045226
0.000000, 1.893040, 3.786090
 0.017186 0.034149 0.039381
 0.040984 0.041310 0.046621
v= 0.040849
0.000000, 1.893040, 3.786090
 0.040984 0.041310 0.046621
 0.078060 0.047380 0.052945
v= 0.046449
0.000000, 1.893040, 3.786090
 0.040984 0.041310 0.046621
 0.078060 0.047380 0.052945
v= 0.046765
0.000000, 1.893040, 3.786090
 0.017186 0.008949 0.012846
 0.040984 0.009662 0.013388
v= 0.012428
dequeued node 1613, type AND
0.000000, 1.893040, 3.786090
 0.040984 0.041310 0.046621
 0.078060 0.047380 0.052945
v= 0.046449
0.000000, 1.893040, 3.786090
 0.017186 0.034149 0.039381
 0.040984 0.041310 0.046621
v= 0.045226
0.000000, 1.893040, 3.786090
 0.017186 0.034149 0.039381
 0.040984 0.041310 0.046621
v= 0.040228
0.000000, 1.893040, 3.786090
 0.040984 0.041310 0.046621
 0.078060 0.047380 0.052945
v= 0.045312
0.000000, 1.893040, 3.786090
 0.040984 0.041310 0.046621
 0.078060 0.047380 0.052945
v= 0.046765
0.000000, 1.893040, 3.786090
 0.017186 0.008949 0.012846
 0.040984 0.009662 0.013388
v= 0.012428
dequeued node 73, type AND
0.000000, 0.365616, 1.893040
 0.004724 0.024180 0.029133
 0.017186 0.029231 0.034149
v= 0.031630
0.000000, 0.365616, 1.893040
 0.017186 0.029231 0.034149
 0.040984 0.036181 0.041310
v= 0.038515
0.000000, 0.365616, 1.893040
 0.004724 0.024180 0.029133
 0.017186 0.029231 0.034149
v= 0.029316
0.000000, 0.365616, 1.893040
 0.004724 0.024180 0.029133
 0.017186 0.029231 0.034149
v= 0.029316
0.000000, 0.365616, 1.893040
 0.017186 0.005757 0.008949
 0.040984 0.006712 0.009662
v= 0.009089
dequeued node 13, type NAND
0.000000, 0.365616, 1.854900
 0.017186 0.014183 0.018954
 0.040984 0.019867 0.026671
v= 0.020738
0.000000, 0.365616, 1.854900
 0.004724 0.008963 0.012708
 0.017186 0.014183 0.018954
v= 0.013306
0.000000, 0.365616, 1.854900
 0.017186 0.007798 0.009978
 0.040984 0.012263 0.015676
v= 0.011542
dequeued node 1545, type NOT
0.000000, 0.365616, 1.897810
 0.017186 0.011759 0.017202
 0.040984 0.016970 0.024518
v= 0.018582
0.000000, 0.365616, 1.897810
 0.017186 0.006463 0.009176
 0.040984 0.010069 0.014088
v= 0.010293
dequeued node 16, type NAND
0.000000, 0.365616, 1.854900
 0.017186 0.014183 0.018954
 0.040984 0.019867 0.026671
v= 0.020738
0.000000, 0.365616, 1.854900
 0.004724 0.008963 0.012708
 0.017186 0.014183 0.018954
v= 0.013306
0.000000, 0.365616, 1.854900
 0.017186 0.007798 0.009978
 0.040984 0.012263 0.015676
v= 0.011542
dequeued node 1553, type NOT
0.000000, 0.365616, 1.897810
 0.017186 0.011759 0.017202
 0.040984 0.016970 0.024518
v= 0.018582
0.000000, 0.365616, 1.897810
 0.017186 0.006463 0.009176
 0.040984 0.010069 0.014088
v= 0.010293
dequeued node 19, type NAND
0.000000, 0.365616, 1.854900
 0.017186 0.014183 0.018954
 0.040984 0.019867 0.026671
v= 0.020738
0.000000, 0.365616, 1.854900
 0.004724 0.008963 0.012708
 0.017186 0.014183 0.018954
v= 0.013306
0.000000, 0.365616, 1.854900
 0.017186 0.007798 0.009978
 0.040984 0.012263 0.015676
v= 0.011542
dequeued node 1561, type NOT
0.000000, 0.365616, 1.897810
 0.017186 0.011759 0.017202
 0.040984 0.016970 0.024518
v= 0.018582
0.000000, 0.365616, 1.897810
 0.017186 0.006463 0.009176
 0.040984 0.010069 0.014088
v= 0.010293
dequeued node 22, type NAND
0.000000, 0.365616, 1.854900
 0.017186 0.014183 0.018954
 0.040984 0.019867 0.026671
v= 0.020738
0.000000, 0.365616, 1.854900
 0.004724 0.008963 0.012708
 0.017186 0.014183 0.018954
v= 0.013306
0.000000, 0.365616, 1.854900
 0.017186 0.007798 0.009978
 0.040984 0.012263 0.015676
v= 0.011542
dequeued node 1569, type NOT
0.000000, 0.365616, 1.897810
 0.017186 0.011759 0.017202
 0.040984 0.016970 0.024518
v= 0.018582
0.000000, 0.365616, 1.897810
 0.017186 0.006463 0.009176
 0.040984 0.010069 0.014088
v= 0.010293
dequeued node 25, type NAND
0.000000, 0.365616, 1.854900
 0.017186 0.014183 0.018954
 0.040984 0.019867 0.026671
v= 0.020738
0.000000, 0.365616, 1.854900
 0.004724 0.008963 0.012708
 0.017186 0.014183 0.018954
v= 0.013306
0.000000, 0.365616, 1.854900
 0.017186 0.007798 0.009978
 0.040984 0.012263 0.015676
v= 0.011542
dequeued node 1577, type NOT
0.000000, 0.365616, 1.897810
 0.017186 0.011759 0.017202
 0.040984 0.016970 0.024518
v= 0.018582
0.000000, 0.365616, 1.897810
 0.017186 0.006463 0.009176
 0.040984 0.010069 0.014088
v= 0.010293
dequeued node 857, type NAND
0.000000, 0.365616, 1.854900
 0.017186 0.014183 0.018954
 0.040984 0.019867 0.026671
v= 0.020489
0.000000, 0.365616, 1.854900
 0.017186 0.014183 0.018954
 0.040984 0.019867 0.026671
v= 0.020589
0.000000, 0.365616, 1.854900
 0.017186 0.014183 0.018954
 0.040984 0.019867 0.026671
v= 0.020589
0.000000, 0.365616, 1.854900
 0.017186 0.014183 0.018954
 0.040984 0.019867 0.026671
v= 0.019194
0.000000, 0.365616, 1.854900
 0.017186 0.014183 0.018954
 0.040984 0.019867 0.026671
v= 0.021727
0.000000, 0.365616, 1.854900
 0.017186 0.014183 0.018954
 0.040984 0.019867 0.026671
v= 0.021727
0.000000, 0.365616, 1.854900
 0.017186 0.014183 0.018954
 0.040984 0.019867 0.026671
v= 0.021727
0.000000, 0.365616, 1.854900
 0.017186 0.014183 0.018954
 0.040984 0.019867 0.026671
v= 0.021727
0.000000, 0.365616, 1.854900
 0.017186 0.007798 0.009978
 0.040984 0.012263 0.015676
v= 0.013021
dequeued node 863, type AND
0.000000, 1.893040, 3.786090
 0.017186 0.034149 0.039381
 0.040984 0.041310 0.046621
v= 0.040938
0.000000, 1.893040, 3.786090
 0.017186 0.034149 0.039381
 0.040984 0.041310 0.046621
v= 0.041050
0.000000, 1.893040, 3.786090
 0.017186 0.034149 0.039381
 0.040984 0.041310 0.046621
v= 0.041050
0.000000, 1.893040, 3.786090
 0.017186 0.034149 0.039381
 0.040984 0.041310 0.046621
v= 0.039493
0.000000, 1.893040, 3.786090
 0.017186 0.034149 0.039381
 0.040984 0.041310 0.046621
v= 0.042320
0.000000, 1.893040, 3.786090
 0.017186 0.034149 0.039381
 0.040984 0.041310 0.046621
v= 0.042320
0.000000, 1.893040, 3.786090
 0.017186 0.034149 0.039381
 0.040984 0.041310 0.046621
v= 0.042320
0.000000, 1.893040, 3.786090
 0.017186 0.034149 0.039381
 0.040984 0.041310 0.046621
v= 0.042320
0.000000, 1.893040, 3.786090
 0.017186 0.008949 0.012846
 0.040984 0.009662 0.013388
v= 0.010823
dequeued node 1, type NAND
0.000000, 0.365616, 1.854900
 0.017186 0.014183 0.018954
 0.040984 0.019867 0.026671
v= 0.020516
0.000000, 0.365616, 1.854900
 0.004724 0.008963 0.012708
 0.017186 0.014183 0.018954
v= 0.013306
0.000000, 0.365616, 1.854900
 0.017186 0.007798 0.009978
 0.040984 0.012263 0.015676
v= 0.011377
dequeued node 1513, type NOT
0.000000, 0.365616, 1.897810
 0.017186 0.011759 0.017202
 0.040984 0.016970 0.024518
v= 0.018373
0.000000, 0.365616, 1.897810
 0.017186 0.006463 0.009176
 0.040984 0.010069 0.014088
v= 0.010153
dequeued node 4, type NAND
0.000000, 0.365616, 1.854900
 0.017186 0.014183 0.018954
 0.040984 0.019867 0.026671
v= 0.020365
0.000000, 0.365616, 1.854900
 0.004724 0.008963 0.012708
 0.017186 0.014183 0.018954
v= 0.013306
0.000000, 0.365616, 1.854900
 0.017186 0.007798 0.009978
 0.040984 0.012263 0.015676
v= 0.011265
dequeued node 1521, type NOT
0.000000, 0.365616, 1.897810
 0.017186 0.011759 0.017202
 0.040984 0.016970 0.024518
v= 0.018232
0.000000, 0.365616, 1.897810
 0.017186 0.006463 0.009176
 0.040984 0.010069 0.014088
v= 0.010058
dequeued node 7, type NAND
0.000000, 0.365616, 1.854900
 0.017186 0.014183 0.018954
 0.040984 0.019867 0.026671
v= 0.020365
0.000000, 0.365616, 1.854900
 0.004724 0.008963 0.012708
 0.017186 0.014183 0.018954
v= 0.013306
0.000000, 0.365616, 1.854900
 0.017186 0.007798 0.009978
 0.040984 0.012263 0.015676
v= 0.011265
dequeued node 1529, type NOT
0.000000, 0.365616, 1.897810
 0.017186 0.011759 0.017202
 0.040984 0.016970 0.024518
v= 0.018232
0.000000, 0.365616, 1.897810
 0.017186 0.006463 0.009176
 0.040984 0.010069 0.014088
v= 0.010058
dequeued node 10, type NAND
0.000000, 0.365616, 1.854900
 0.017186 0.014183 0.018954
 0.040984 0.019867 0.026671
v= 0.020365
0.000000, 0.365616, 1.854900
 0.004724 0.008963 0.012708
 0.017186 0.014183 0.018954
v= 0.013306
0.000000, 0.365616, 1.854900
 0.017186 0.007798 0.009978
 0.040984 0.012263 0.015676
v= 0.011265
dequeued node 1537, type NOT
0.000000, 0.365616, 1.897810
 0.017186 0.011759 0.017202
 0.040984 0.016970 0.024518
v= 0.018232
0.000000, 0.365616, 1.897810
 0.017186 0.006463 0.009176
 0.040984 0.010069 0.014088
v= 0.010058
dequeued node 28, type NAND
0.000000, 0.365616, 1.854900
 0.017186 0.014183 0.018954
 0.040984 0.019867 0.026671
v= 0.020611
0.000000, 0.365616, 1.854900
 0.004724 0.008963 0.012708
 0.017186 0.014183 0.018954
v= 0.013306
0.000000, 0.365616, 1.854900
 0.017186 0.007798 0.009978
 0.040984 0.012263 0.015676
v= 0.011448
dequeued node 1585, type NOT
0.000000, 0.365616, 1.897810
 0.017186 0.011759 0.017202
 0.040984 0.016970 0.024518
v= 0.018462
0.000000, 0.365616, 1.897810
 0.017186 0.006463 0.009176
 0.040984 0.010069 0.014088
v= 0.010213
dequeued node 43, type NAND
0.000000, 0.365616, 1.854900
 0.017186 0.014183 0.018954
 0.040984 0.019867 0.026671
v= 0.020611
0.000000, 0.365616, 1.854900
 0.004724 0.008963 0.012708
 0.017186 0.014183 0.018954
v= 0.013306
0.000000, 0.365616, 1.854900
 0.017186 0.007798 0.009978
 0.040984 0.012263 0.015676
v= 0.011448
dequeued node 1625, type NOT
0.000000, 0.365616, 1.897810
 0.017186 0.011759 0.017202
 0.040984 0.016970 0.024518
v= 0.018462
0.000000, 0.365616, 1.897810
 0.017186 0.006463 0.009176
 0.040984 0.010069 0.014088
v= 0.010213
dequeued node 46, type NAND
0.000000, 0.365616, 1.854900
 0.017186 0.014183 0.018954
 0.040984 0.019867 0.026671
v= 0.020611
0.000000, 0.365616, 1.854900
 0.004724 0.008963 0.012708
 0.017186 0.014183 0.018954
v= 0.013306
0.000000, 0.365616, 1.854900
 0.017186 0.007798 0.009978
 0.040984 0.012263 0.015676
v= 0.011448
dequeued node 1633, type NOT
0.000000, 0.365616, 1.897810
 0.017186 0.011759 0.017202
 0.040984 0.016970 0.024518
v= 0.018462
0.000000, 0.365616, 1.897810
 0.017186 0.006463 0.009176
 0.040984 0.010069 0.014088
v= 0.010213
dequeued node 860, type NAND
0.000000, 0.365616, 1.854900
 0.017186 0.014183 0.018954
 0.040984 0.019867 0.026671
v= 0.021727
0.000000, 0.365616, 1.854900
 0.017186 0.014183 0.018954
 0.040984 0.019867 0.026671
v= 0.021017
0.000000, 0.365616, 1.854900
 0.017186 0.014183 0.018954
 0.040984 0.019867 0.026671
v= 0.020443
0.000000, 0.365616, 1.854900
 0.017186 0.014183 0.018954
 0.040984 0.019867 0.026671
v= 0.020443
0.000000, 0.365616, 1.854900
 0.017186 0.014183 0.018954
 0.040984 0.019867 0.026671
v= 0.020443
0.000000, 0.365616, 1.854900
 0.017186 0.014183 0.018954
 0.040984 0.019867 0.026671
v= 0.020443
0.000000, 0.365616, 1.854900
 0.017186 0.014183 0.018954
 0.040984 0.019867 0.026671
v= 0.021017
0.000000, 0.365616, 1.854900
 0.017186 0.014183 0.018954
 0.040984 0.019867 0.026671
v= 0.021017
0.000000, 0.365616, 1.854900
 0.017186 0.007798 0.009978
 0.040984 0.012263 0.015676
v= 0.013021
dequeued node 865, type AND
0.000000, 1.893040, 3.786090
 0.017186 0.034149 0.039381
 0.040984 0.041310 0.046621
v= 0.042320
0.000000, 1.893040, 3.786090
 0.017186 0.034149 0.039381
 0.040984 0.041310 0.046621
v= 0.041527
0.000000, 1.893040, 3.786090
 0.017186 0.034149 0.039381
 0.040984 0.041310 0.046621
v= 0.040886
0.000000, 1.893040, 3.786090
 0.017186 0.034149 0.039381
 0.040984 0.041310 0.046621
v= 0.040886
0.000000, 1.893040, 3.786090
 0.017186 0.034149 0.039381
 0.040984 0.041310 0.046621
v= 0.040886
0.000000, 1.893040, 3.786090
 0.017186 0.034149 0.039381
 0.040984 0.041310 0.046621
v= 0.040886
0.000000, 1.893040, 3.786090
 0.017186 0.034149 0.039381
 0.040984 0.041310 0.046621
v= 0.041527
0.000000, 1.893040, 3.786090
 0.017186 0.034149 0.039381
 0.040984 0.041310 0.046621
v= 0.041527
0.000000, 1.893040, 3.786090
 0.017186 0.008949 0.012846
 0.040984 0.009662 0.013388
v= 0.010823
dequeued node 886, type AND
0.000000, 0.365616, 1.893040
 0.017186 0.029231 0.034149
 0.040984 0.036181 0.041310
v= 0.035124
0.000000, 0.365616, 1.893040
 0.017186 0.029231 0.034149
 0.040984 0.036181 0.041310
v= 0.033913
0.000000, 0.365616, 1.893040
 0.017186 0.029231 0.034149
 0.040984 0.036181 0.041310
v= 0.035124
0.000000, 0.365616, 1.893040
 0.017186 0.029231 0.034149
 0.040984 0.036181 0.041310
v= 0.035124
0.000000, 0.365616, 1.893040
 0.017186 0.029231 0.034149
 0.040984 0.036181 0.041310
v= 0.035124
0.000000, 0.365616, 1.893040
 0.017186 0.029231 0.034149
 0.040984 0.036181 0.041310
v= 0.035124
0.000000, 0.365616, 1.893040
 0.017186 0.029231 0.034149
 0.040984 0.036181 0.041310
v= 0.034588
0.000000, 0.365616, 1.893040
 0.017186 0.029231 0.034149
 0.040984 0.036181 0.041310
v= 0.035124
0.000000, 0.365616, 1.893040
 0.017186 0.005757 0.008949
 0.040984 0.006712 0.009662
v= 0.007420
dequeued node 31, type NAND
0.000000, 0.365616, 1.854900
 0.017186 0.014183 0.018954
 0.040984 0.019867 0.026671
v= 0.020509
0.000000, 0.365616, 1.854900
 0.004724 0.008963 0.012708
 0.017186 0.014183 0.018954
v= 0.013306
0.000000, 0.365616, 1.854900
 0.017186 0.007798 0.009978
 0.040984 0.012263 0.015676
v= 0.011371
dequeued node 1593, type NOT
0.000000, 0.365616, 1.897810
 0.017186 0.011759 0.017202
 0.040984 0.016970 0.024518
v= 0.018366
0.000000, 0.365616, 1.897810
 0.017186 0.006463 0.009176
 0.040984 0.010069 0.014088
v= 0.010148
dequeued node 34, type NAND
0.000000, 0.365616, 1.854900
 0.017186 0.014183 0.018954
 0.040984 0.019867 0.026671
v= 0.020509
0.000000, 0.365616, 1.854900
 0.004724 0.008963 0.012708
 0.017186 0.014183 0.018954
v= 0.013306
0.000000, 0.365616, 1.854900
 0.017186 0.007798 0.009978
 0.040984 0.012263 0.015676
v= 0.011371
dequeued node 1601, type NOT
0.000000, 0.365616, 1.897810
 0.017186 0.011759 0.017202
 0.040984 0.016970 0.024518
v= 0.018366
0.000000, 0.365616, 1.897810
 0.017186 0.006463 0.009176
 0.040984 0.010069 0.014088
v= 0.010148
dequeued node 37, type NAND
0.000000, 0.365616, 1.854900
 0.017186 0.014183 0.018954
 0.040984 0.019867 0.026671
v= 0.020509
0.000000, 0.365616, 1.854900
 0.004724 0.008963 0.012708
 0.017186 0.014183 0.018954
v= 0.013306
0.000000, 0.365616, 1.854900
 0.017186 0.007798 0.009978
 0.040984 0.012263 0.015676
v= 0.011371
dequeued node 1609, type NOT
0.000000, 0.365616, 1.897810
 0.017186 0.011759 0.017202
 0.040984 0.016970 0.024518
v= 0.018366
0.000000, 0.365616, 1.897810
 0.017186 0.006463 0.009176
 0.040984 0.010069 0.014088
v= 0.010148
dequeued node 40, type NAND
0.000000, 0.365616, 1.854900
 0.017186 0.014183 0.018954
 0.040984 0.019867 0.026671
v= 0.020509
0.000000, 0.365616, 1.854900
 0.004724 0.008963 0.012708
 0.017186 0.014183 0.018954
v= 0.013306
0.000000, 0.365616, 1.854900
 0.017186 0.007798 0.009978
 0.040984 0.012263 0.015676
v= 0.011371
dequeued node 1617, type NOT
0.000000, 0.365616, 1.897810
 0.017186 0.011759 0.017202
 0.040984 0.016970 0.024518
v= 0.018366
0.000000, 0.365616, 1.897810
 0.017186 0.006463 0.009176
 0.040984 0.010069 0.014088
v= 0.010148
dequeued node 14, type NAND
0.000000, 0.365616, 1.854900
 0.004724 0.008963 0.012708
 0.017186 0.014183 0.018954
v= 0.014879
0.000000, 0.365616, 1.854900
 0.004724 0.008963 0.012708
 0.017186 0.014183 0.018954
v= 0.014777
0.000000, 0.365616, 1.854900
 0.004724 0.004754 0.008147
 0.017186 0.007798 0.009978
v= 0.008476
dequeued node 17, type NAND
0.000000, 0.365616, 1.854900
 0.004724 0.008963 0.012708
 0.017186 0.014183 0.018954
v= 0.014879
0.000000, 0.365616, 1.854900
 0.004724 0.008963 0.012708
 0.017186 0.014183 0.018954
v= 0.014777
0.000000, 0.365616, 1.854900
 0.004724 0.004754 0.008147
 0.017186 0.007798 0.009978
v= 0.008476
dequeued node 20, type NAND
0.000000, 0.365616, 1.854900
 0.004724 0.008963 0.012708
 0.017186 0.014183 0.018954
v= 0.014879
0.000000, 0.365616, 1.854900
 0.004724 0.008963 0.012708
 0.017186 0.014183 0.018954
v= 0.014777
0.000000, 0.365616, 1.854900
 0.004724 0.004754 0.008147
 0.017186 0.007798 0.009978
v= 0.008476
dequeued node 23, type NAND
0.000000, 0.365616, 1.854900
 0.004724 0.008963 0.012708
 0.017186 0.014183 0.018954
v= 0.014879
0.000000, 0.365616, 1.854900
 0.004724 0.008963 0.012708
 0.017186 0.014183 0.018954
v= 0.014777
0.000000, 0.365616, 1.854900
 0.004724 0.004754 0.008147
 0.017186 0.007798 0.009978
v= 0.008476
dequeued node 26, type NAND
0.000000, 0.365616, 1.854900
 0.004724 0.008963 0.012708
 0.017186 0.014183 0.018954
v= 0.014879
0.000000, 0.365616, 1.854900
 0.004724 0.008963 0.012708
 0.017186 0.014183 0.018954
v= 0.014777
0.000000, 0.365616, 1.854900
 0.004724 0.004754 0.008147
 0.017186 0.007798 0.009978
v= 0.008476
dequeued node 1913, type AND
0.000000, 1.893040, 3.786090
 0.040984 0.041310 0.046621
 0.078060 0.047380 0.052945
v= 0.047129
0.000000, 1.893040, 3.786090
 0.001174 0.027883 0.033154
 0.004724 0.029133 0.034403
v= 0.032979
0.000000, 1.893040, 3.786090
 0.040984 0.009662 0.013388
 0.078060 0.011029 0.014352
v= 0.012750
dequeued node 2, type NAND
0.000000, 0.365616, 1.854900
 0.004724 0.008963 0.012708
 0.017186 0.014183 0.018954
v= 0.014879
0.000000, 0.365616, 1.854900
 0.004724 0.008963 0.012708
 0.017186 0.014183 0.018954
v= 0.014709
0.000000, 0.365616, 1.854900
 0.004724 0.004754 0.008147
 0.017186 0.007798 0.009978
v= 0.008453
dequeued node 5, type NAND
0.000000, 0.365616, 1.854900
 0.004724 0.008963 0.012708
 0.017186 0.014183 0.018954
v= 0.014879
0.000000, 0.365616, 1.854900
 0.004724 0.008963 0.012708
 0.017186 0.014183 0.018954
v= 0.014662
0.000000, 0.365616, 1.854900
 0.004724 0.004754 0.008147
 0.017186 0.007798 0.009978
v= 0.008437
dequeued node 8, type NAND
0.000000, 0.365616, 1.854900
 0.004724 0.008963 0.012708
 0.017186 0.014183 0.018954
v= 0.014879
0.000000, 0.365616, 1.854900
 0.004724 0.008963 0.012708
 0.017186 0.014183 0.018954
v= 0.014662
0.000000, 0.365616, 1.854900
 0.004724 0.004754 0.008147
 0.017186 0.007798 0.009978
v= 0.008437
dequeued node 11, type NAND
0.000000, 0.365616, 1.854900
 0.004724 0.008963 0.012708
 0.017186 0.014183 0.018954
v= 0.014879
0.000000, 0.365616, 1.854900
 0.004724 0.008963 0.012708
 0.017186 0.014183 0.018954
v= 0.014662
0.000000, 0.365616, 1.854900
 0.004724 0.004754 0.008147
 0.017186 0.007798 0.009978
v= 0.008437
dequeued node 29, type NAND
0.000000, 0.365616, 1.854900
 0.004724 0.008963 0.012708
 0.017186 0.014183 0.018954
v= 0.014879
0.000000, 0.365616, 1.854900
 0.004724 0.008963 0.012708
 0.017186 0.014183 0.018954
v= 0.014738
0.000000, 0.365616, 1.854900
 0.004724 0.004754 0.008147
 0.017186 0.007798 0.009978
v= 0.008462
dequeued node 44, type NAND
0.000000, 0.365616, 1.854900
 0.004724 0.008963 0.012708
 0.017186 0.014183 0.018954
v= 0.014879
0.000000, 0.365616, 1.854900
 0.004724 0.008963 0.012708
 0.017186 0.014183 0.018954
v= 0.014738
0.000000, 0.365616, 1.854900
 0.004724 0.004754 0.008147
 0.017186 0.007798 0.009978
v= 0.008462
dequeued node 47, type NAND
0.000000, 0.365616, 1.854900
 0.004724 0.008963 0.012708
 0.017186 0.014183 0.018954
v= 0.014879
0.000000, 0.365616, 1.854900
 0.004724 0.008963 0.012708
 0.017186 0.014183 0.018954
v= 0.014738
0.000000, 0.365616, 1.854900
 0.004724 0.004754 0.008147
 0.017186 0.007798 0.009978
v= 0.008462
dequeued node 1921, type AND
0.000000, 1.893040, 3.786090
 0.040984 0.041310 0.046621
 0.078060 0.047380 0.052945
v= 0.047129
0.000000, 1.893040, 3.786090
 0.001174 0.027883 0.033154
 0.004724 0.029133 0.034403
v= 0.032979
0.000000, 1.893040, 3.786090
 0.040984 0.009662 0.013388
 0.078060 0.011029 0.014352
v= 0.012750
dequeued node 462, type NAND
0.000000, 3.709790, 7.419590
 0.040984 0.033636 0.044885
 0.078060 0.043833 0.058647
v= 0.039834
0.000000, 3.709790, 7.419590
 0.040984 0.033636 0.044885
 0.078060 0.043833 0.058647
v= 0.039834
0.000000, 3.709790, 7.419590
 0.040984 0.019146 0.024738
 0.078060 0.026668 0.034212
v= 0.022385
dequeued node 887, type AND
0.000000, 0.365616, 1.893040
 0.040984 0.036181 0.041310
 0.078060 0.041722 0.047380
v= 0.038393
0.000000, 0.365616, 1.893040
 0.040984 0.036181 0.041310
 0.078060 0.041722 0.047380
v= 0.038393
0.000000, 0.365616, 1.893040
 0.017186 0.029231 0.034149
 0.040984 0.036181 0.041310
v= 0.034699
0.000000, 0.365616, 1.893040
 0.040984 0.006712 0.009662
 0.078060 0.008183 0.011029
v= 0.007868
dequeued node 32, type NAND
0.000000, 0.365616, 1.854900
 0.004724 0.008963 0.012708
 0.017186 0.014183 0.018954
v= 0.014879
0.000000, 0.365616, 1.854900
 0.004724 0.008963 0.012708
 0.017186 0.014183 0.018954
v= 0.014707
0.000000, 0.365616, 1.854900
 0.004724 0.004754 0.008147
 0.017186 0.007798 0.009978
v= 0.008452
dequeued node 35, type NAND
0.000000, 0.365616, 1.854900
 0.004724 0.008963 0.012708
 0.017186 0.014183 0.018954
v= 0.014879
0.000000, 0.365616, 1.854900
 0.004724 0.008963 0.012708
 0.017186 0.014183 0.018954
v= 0.014707
0.000000, 0.365616, 1.854900
 0.004724 0.004754 0.008147
 0.017186 0.007798 0.009978
v= 0.008452
dequeued node 38, type NAND
0.000000, 0.365616, 1.854900
 0.004724 0.008963 0.012708
 0.017186 0.014183 0.018954
v= 0.014879
0.000000, 0.365616, 1.854900
 0.004724 0.008963 0.012708
 0.017186 0.014183 0.018954
v= 0.014707
0.000000, 0.365616, 1.854900
 0.004724 0.004754 0.008147
 0.017186 0.007798 0.009978
v= 0.008452
dequeued node 41, type NAND
0.000000, 0.365616, 1.854900
 0.004724 0.008963 0.012708
 0.017186 0.014183 0.018954
v= 0.014879
0.000000, 0.365616, 1.854900
 0.004724 0.008963 0.012708
 0.017186 0.014183 0.018954
v= 0.014707
0.000000, 0.365616, 1.854900
 0.004724 0.004754 0.008147
 0.017186 0.007798 0.009978
v= 0.008452
dequeued node 15, type NAND
0.000000, 3.709790, 7.419590
 0.004724 0.017300 0.026357
 0.017186 0.023639 0.032510
v= 0.028230
0.000000, 3.709790, 7.419590
 0.004724 0.017300 0.026357
 0.017186 0.023639 0.032510
v= 0.026708
0.000000, 3.709790, 7.419590
 0.004724 0.012381 0.020845
 0.017186 0.013018 0.020850
v= 0.019467
dequeued node 18, type NAND
0.000000, 3.709790, 7.419590
 0.004724 0.017300 0.026357
 0.017186 0.023639 0.032510
v= 0.028230
0.000000, 3.709790, 7.419590
 0.004724 0.017300 0.026357
 0.017186 0.023639 0.032510
v= 0.026708
0.000000, 3.709790, 7.419590
 0.004724 0.012381 0.020845
 0.017186 0.013018 0.020850
v= 0.019467
dequeued node 21, type NAND
0.000000, 3.709790, 7.419590
 0.004724 0.017300 0.026357
 0.017186 0.023639 0.032510
v= 0.028230
0.000000, 3.709790, 7.419590
 0.004724 0.017300 0.026357
 0.017186 0.023639 0.032510
v= 0.026708
0.000000, 3.709790, 7.419590
 0.004724 0.012381 0.020845
 0.017186 0.013018 0.020850
v= 0.019467
dequeued node 24, type NAND
0.000000, 3.709790, 7.419590
 0.004724 0.017300 0.026357
 0.017186 0.023639 0.032510
v= 0.028230
0.000000, 3.709790, 7.419590
 0.004724 0.017300 0.026357
 0.017186 0.023639 0.032510
v= 0.026708
0.000000, 3.709790, 7.419590
 0.004724 0.012381 0.020845
 0.017186 0.013018 0.020850
v= 0.019467
dequeued node 27, type NAND
0.000000, 3.709790, 7.419590
 0.004724 0.017300 0.026357
 0.017186 0.023639 0.032510
v= 0.028230
0.000000, 3.709790, 7.419590
 0.004724 0.017300 0.026357
 0.017186 0.023639 0.032510
v= 0.026708
0.000000, 3.709790, 7.419590
 0.004724 0.012381 0.020845
 0.017186 0.013018 0.020850
v= 0.019467
dequeued node 1637, type NAND
0.000000, 0.365616, 1.854900
 0.004724 0.008963 0.012708
 0.017186 0.014183 0.018954
v= 0.015973
0.000000, 0.365616, 1.854900
 0.004724 0.008963 0.012708
 0.017186 0.014183 0.018954
v= 0.013438
0.000000, 0.365616, 1.854900
 0.004724 0.004754 0.008147
 0.017186 0.007798 0.009978
v= 0.008877
dequeued node 1917, type NOT
0.000000, 0.365616, 1.897810
 0.004724 0.007266 0.011031
 0.017186 0.011759 0.017202
v= 0.014061
0.000000, 0.365616, 1.897810
 0.004724 0.003321 0.006755
 0.017186 0.006463 0.009176
v= 0.007735
dequeued node 3, type NAND
0.000000, 3.709790, 7.419590
 0.004724 0.017300 0.026357
 0.017186 0.023639 0.032510
v= 0.028148
0.000000, 3.709790, 7.419590
 0.004724 0.017300 0.026357
 0.017186 0.023639 0.032510
v= 0.026697
0.000000, 3.709790, 7.419590
 0.004724 0.012381 0.020845
 0.017186 0.013018 0.020850
v= 0.019466
dequeued node 6, type NAND
0.000000, 3.709790, 7.419590
 0.004724 0.017300 0.026357
 0.017186 0.023639 0.032510
v= 0.028092
0.000000, 3.709790, 7.419590
 0.004724 0.017300 0.026357
 0.017186 0.023639 0.032510
v= 0.026689
0.000000, 3.709790, 7.419590
 0.004724 0.012381 0.020845
 0.017186 0.013018 0.020850
v= 0.019466
dequeued node 9, type NAND
0.000000, 3.709790, 7.419590
 0.004724 0.017300 0.026357
 0.017186 0.023639 0.032510
v= 0.028092
0.000000, 3.709790, 7.419590
 0.004724 0.017300 0.026357
 0.017186 0.023639 0.032510
v= 0.026689
0.000000, 3.709790, 7.419590
 0.004724 0.012381 0.020845
 0.017186 0.013018 0.020850
v= 0.019466
dequeued node 12, type NAND
0.000000, 3.709790, 7.419590
 0.004724 0.017300 0.026357
 0.017186 0.023639 0.032510
v= 0.028092
0.000000, 3.709790, 7.419590
 0.004724 0.017300 0.026357
 0.017186 0.023639 0.032510
v= 0.026689
0.000000, 3.709790, 7.419590
 0.004724 0.012381 0.020845
 0.017186 0.013018 0.020850
v= 0.019466
dequeued node 30, type NAND
0.000000, 3.709790, 7.419590
 0.004724 0.017300 0.026357
 0.017186 0.023639 0.032510
v= 0.028183
0.000000, 3.709790, 7.419590
 0.004724 0.017300 0.026357
 0.017186 0.023639 0.032510
v= 0.026702
0.000000, 3.709790, 7.419590
 0.004724 0.012381 0.020845
 0.017186 0.013018 0.020850
v= 0.019466
dequeued node 45, type NAND
0.000000, 3.709790, 7.419590
 0.004724 0.017300 0.026357
 0.017186 0.023639 0.032510
v= 0.028183
0.000000, 3.709790, 7.419590
 0.004724 0.017300 0.026357
 0.017186 0.023639 0.032510
v= 0.026702
0.000000, 3.709790, 7.419590
 0.004724 0.012381 0.020845
 0.017186 0.013018 0.020850
v= 0.019466
dequeued node 48, type NAND
0.000000, 3.709790, 7.419590
 0.004724 0.017300 0.026357
 0.017186 0.023639 0.032510
v= 0.028183
0.000000, 3.709790, 7.419590
 0.004724 0.017300 0.026357
 0.017186 0.023639 0.032510
v= 0.026702
0.000000, 3.709790, 7.419590
 0.004724 0.012381 0.020845
 0.017186 0.013018 0.020850
v= 0.019466
dequeued node 1647, type NAND
0.000000, 0.365616, 1.854900
 0.004724 0.008963 0.012708
 0.017186 0.014183 0.018954
v= 0.015973
0.000000, 0.365616, 1.854900
 0.004724 0.008963 0.012708
 0.017186 0.014183 0.018954
v= 0.013438
0.000000, 0.365616, 1.854900
 0.004724 0.004754 0.008147
 0.017186 0.007798 0.009978
v= 0.008877
dequeued node 1925, type NOT
0.000000, 0.365616, 1.897810
 0.004724 0.007266 0.011031
 0.017186 0.011759 0.017202
v= 0.014061
0.000000, 0.365616, 1.897810
 0.004724 0.003321 0.006755
 0.017186 0.006463 0.009176
v= 0.007735
dequeued node 1020, type AND
0.000000, 1.893040, 3.786090
 0.004724 0.029133 0.034403
 0.017186 0.034149 0.039381
v= 0.033920
0.000000, 1.893040, 3.786090
 0.004724 0.029133 0.034403
 0.017186 0.034149 0.039381
v= 0.037335
0.000000, 1.893040, 3.786090
 0.017186 0.034149 0.039381
 0.040984 0.041310 0.046621
v= 0.039613
0.000000, 1.893040, 3.786090
 0.017186 0.008949 0.012846
 0.040984 0.009662 0.013388
v= 0.011972
dequeued node 1144, type AND
0.000000, 1.893040, 3.786090
 0.001174 0.027883 0.033154
 0.004724 0.029133 0.034403
v= 0.032089
0.000000, 1.893040, 3.786090
 0.004724 0.029133 0.034403
 0.017186 0.034149 0.039381
v= 0.037335
0.000000, 1.893040, 3.786090
 0.017186 0.034149 0.039381
 0.040984 0.041310 0.046621
v= 0.039613
0.000000, 1.893040, 3.786090
 0.017186 0.008949 0.012846
 0.040984 0.009662 0.013388
v= 0.011972
dequeued node 1386, type AND
0.000000, 1.893040, 3.786090
 0.001174 0.027883 0.033154
 0.004724 0.029133 0.034403
v= 0.032089
0.000000, 1.893040, 3.786090
 0.004724 0.029133 0.034403
 0.017186 0.034149 0.039381
v= 0.037335
0.000000, 1.893040, 3.786090
 0.017186 0.034149 0.039381
 0.040984 0.041310 0.046621
v= 0.039613
0.000000, 1.893040, 3.786090
 0.017186 0.008949 0.012846
 0.040984 0.009662 0.013388
v= 0.011972
dequeued node 1394, type AND
0.000000, 1.893040, 3.786090
 0.001174 0.027883 0.033154
 0.004724 0.029133 0.034403
v= 0.032089
0.000000, 1.893040, 3.786090
 0.004724 0.029133 0.034403
 0.017186 0.034149 0.039381
v= 0.037335
0.000000, 1.893040, 3.786090
 0.017186 0.034149 0.039381
 0.040984 0.041310 0.046621
v= 0.039613
0.000000, 1.893040, 3.786090
 0.017186 0.008949 0.012846
 0.040984 0.009662 0.013388
v= 0.011972
dequeued node 1402, type AND
0.000000, 1.893040, 3.786090
 0.004724 0.029133 0.034403
 0.017186 0.034149 0.039381
v= 0.033920
0.000000, 1.893040, 3.786090
 0.004724 0.029133 0.034403
 0.017186 0.034149 0.039381
v= 0.037335
0.000000, 1.893040, 3.786090
 0.017186 0.034149 0.039381
 0.040984 0.041310 0.046621
v= 0.039613
0.000000, 1.893040, 3.786090
 0.017186 0.008949 0.012846
 0.040984 0.009662 0.013388
v= 0.011972
dequeued node 1806, type AND
0.000000, 1.893040, 3.786090
 0.001174 0.027883 0.033154
 0.004724 0.029133 0.034403
v= 0.032089
0.000000, 1.893040, 3.786090
 0.004724 0.029133 0.034403
 0.017186 0.034149 0.039381
v= 0.037335
0.000000, 1.893040, 3.786090
 0.017186 0.034149 0.039381
 0.040984 0.041310 0.046621
v= 0.039613
0.000000, 1.893040, 3.786090
 0.017186 0.008949 0.012846
 0.040984 0.009662 0.013388
v= 0.011972
dequeued node 74, type AND
0.000000, 0.365616, 1.893040
 0.004724 0.024180 0.029133
 0.017186 0.029231 0.034149
v= 0.031630
0.000000, 0.365616, 1.893040
 0.017186 0.029231 0.034149
 0.040984 0.036181 0.041310
v= 0.038515
0.000000, 0.365616, 1.893040
 0.001174 0.022927 0.027883
 0.004724 0.024180 0.029133
v= 0.027595
0.000000, 0.365616, 1.893040
 0.004724 0.024180 0.029133
 0.017186 0.029231 0.034149
v= 0.029821
0.000000, 0.365616, 1.893040
 0.004724 0.005728 0.008919
 0.017186 0.005757 0.008949
v= 0.008554
dequeued node 33, type NAND
0.000000, 3.709790, 7.419590
 0.004724 0.017300 0.026357
 0.017186 0.023639 0.032510
v= 0.028145
0.000000, 3.709790, 7.419590
 0.004724 0.017300 0.026357
 0.017186 0.023639 0.032510
v= 0.026696
0.000000, 3.709790, 7.419590
 0.004724 0.012381 0.020845
 0.017186 0.013018 0.020850
v= 0.019466
dequeued node 36, type NAND
0.000000, 3.709790, 7.419590
 0.004724 0.017300 0.026357
 0.017186 0.023639 0.032510
v= 0.028145
0.000000, 3.709790, 7.419590
 0.004724 0.017300 0.026357
 0.017186 0.023639 0.032510
v= 0.026696
0.000000, 3.709790, 7.419590
 0.004724 0.012381 0.020845
 0.017186 0.013018 0.020850
v= 0.019466
dequeued node 39, type NAND
0.000000, 3.709790, 7.419590
 0.004724 0.017300 0.026357
 0.017186 0.023639 0.032510
v= 0.028145
0.000000, 3.709790, 7.419590
 0.004724 0.017300 0.026357
 0.017186 0.023639 0.032510
v= 0.026696
0.000000, 3.709790, 7.419590
 0.004724 0.012381 0.020845
 0.017186 0.013018 0.020850
v= 0.019466
dequeued node 42, type NAND
0.000000, 3.709790, 7.419590
 0.004724 0.017300 0.026357
 0.017186 0.023639 0.032510
v= 0.028145
0.000000, 3.709790, 7.419590
 0.004724 0.017300 0.026357
 0.017186 0.023639 0.032510
v= 0.026696
0.000000, 3.709790, 7.419590
 0.004724 0.012381 0.020845
 0.017186 0.013018 0.020850
v= 0.019466
dequeued node 1638, type NAND
0.000000, 0.365616, 1.854900
 0.004724 0.008963 0.012708
 0.017186 0.014183 0.018954
v= 0.015520
0.000000, 0.365616, 1.854900
 0.004724 0.008963 0.012708
 0.017186 0.014183 0.018954
v= 0.013531
0.000000, 0.365616, 1.854900
 0.004724 0.004754 0.008147
 0.017186 0.007798 0.009978
v= 0.008057
dequeued node 1648, type NAND
0.000000, 0.365616, 1.854900
 0.004724 0.008963 0.012708
 0.017186 0.014183 0.018954
v= 0.015520
0.000000, 0.365616, 1.854900
 0.004724 0.008963 0.012708
 0.017186 0.014183 0.018954
v= 0.013531
0.000000, 0.365616, 1.854900
 0.004724 0.004754 0.008147
 0.017186 0.007798 0.009978
v= 0.008057
dequeued node 287, type NAND
0.000000, 0.365616, 1.854900
 0.004724 0.008963 0.012708
 0.017186 0.014183 0.018954
v= 0.015595
0.000000, 0.365616, 1.854900
 0.004724 0.008963 0.012708
 0.017186 0.014183 0.018954
v= 0.013424
0.000000, 0.365616, 1.854900
 0.004724 0.004754 0.008147
 0.017186 0.007798 0.009978
v= 0.008750
dequeued node 1028, type NOT
0.000000, 0.365616, 1.897810
 0.004724 0.007266 0.011031
 0.017186 0.011759 0.017202
v= 0.013696
0.000000, 0.365616, 1.897810
 0.004724 0.003321 0.006755
 0.017186 0.006463 0.009176
v= 0.007575
dequeued node 350, type NAND
0.000000, 0.365616, 1.854900
 0.004724 0.008963 0.012708
 0.017186 0.014183 0.018954
v= 0.015595
0.000000, 0.365616, 1.854900
 0.004724 0.008963 0.012708
 0.017186 0.014183 0.018954
v= 0.013425
0.000000, 0.365616, 1.854900
 0.004724 0.004754 0.008147
 0.017186 0.007798 0.009978
v= 0.008750
dequeued node 1152, type NOT
0.000000, 0.365616, 1.897810
 0.004724 0.007266 0.011031
 0.017186 0.011759 0.017202
v= 0.013696
0.000000, 0.365616, 1.897810
 0.004724 0.003321 0.006755
 0.017186 0.006463 0.009176
v= 0.007575
dequeued node 427, type NAND
0.000000, 0.365616, 1.854900
 0.004724 0.008963 0.012708
 0.017186 0.014183 0.018954
v= 0.015595
0.000000, 0.365616, 1.854900
 0.004724 0.008963 0.012708
 0.017186 0.014183 0.018954
v= 0.013310
0.000000, 0.365616, 1.854900
 0.004724 0.004754 0.008147
 0.017186 0.007798 0.009978
v= 0.008750
dequeued node 1392, type NOT
0.000000, 0.365616, 1.897810
 0.004724 0.007266 0.011031
 0.017186 0.011759 0.017202
v= 0.013696
0.000000, 0.365616, 1.897810
 0.004724 0.003321 0.006755
 0.017186 0.006463 0.009176
v= 0.007575
dequeued node 429, type NAND
0.000000, 0.365616, 1.854900
 0.004724 0.008963 0.012708
 0.017186 0.014183 0.018954
v= 0.015595
0.000000, 0.365616, 1.854900
 0.004724 0.008963 0.012708
 0.017186 0.014183 0.018954
v= 0.013310
0.000000, 0.365616, 1.854900
 0.004724 0.004754 0.008147
 0.017186 0.007798 0.009978
v= 0.008750
dequeued node 1400, type NOT
0.000000, 0.365616, 1.897810
 0.004724 0.007266 0.011031
 0.017186 0.011759 0.017202
v= 0.013696
0.000000, 0.365616, 1.897810
 0.004724 0.003321 0.006755
 0.017186 0.006463 0.009176
v= 0.007575
dequeued node 431, type NAND
0.000000, 0.365616, 1.854900
 0.004724 0.008963 0.012708
 0.017186 0.014183 0.018954
v= 0.015595
0.000000, 0.365616, 1.854900
 0.004724 0.008963 0.012708
 0.017186 0.014183 0.018954
v= 0.013310
0.000000, 0.365616, 1.854900
 0.004724 0.004754 0.008147
 0.017186 0.007798 0.009978
v= 0.008750
dequeued node 1408, type NOT
0.000000, 0.365616, 1.897810
 0.004724 0.007266 0.011031
 0.017186 0.011759 0.017202
v= 0.013696
0.000000, 0.365616, 1.897810
 0.004724 0.003321 0.006755
 0.017186 0.006463 0.009176
v= 0.007575
dequeued node 1812, type NOT
0.000000, 0.365616, 1.897810
 0.004724 0.007266 0.011031
 0.017186 0.011759 0.017202
v= 0.013696
0.000000, 0.365616, 1.897810
 0.004724 0.003321 0.006755
 0.017186 0.006463 0.009176
v= 0.007575
dequeued node 1216, type NAND
0.000000, 0.365616, 1.854900
 0.004724 0.008963 0.012708
 0.017186 0.014183 0.018954
v= 0.015595
0.000000, 0.365616, 1.854900
 0.004724 0.008963 0.012708
 0.017186 0.014183 0.018954
v= 0.013425
0.000000, 0.365616, 1.854900
 0.004724 0.004754 0.008147
 0.017186 0.007798 0.009978
v= 0.008750
dequeued node 75, type NOR
0.000000, 6.675730, 13.351500
 0.017186 0.051901 0.085741
 0.040984 0.063465 0.096565
v= 0.053017
0.000000, 6.675730, 13.351500
 0.004724 0.047059 0.081078
 0.017186 0.051901 0.085741
v= 0.052505
0.000000, 6.675730, 13.351500
 0.004724 0.038572 0.069489
 0.017186 0.038561 0.069495
v= 0.039141
dequeued node 1639, type NAND
0.000000, 1.854900, 3.709790
 0.004724 0.012708 0.017300
 0.017186 0.018954 0.023639
v= 0.018390
0.000000, 1.854900, 3.709790
 0.004724 0.012708 0.017300
 0.017186 0.018954 0.023639
v= 0.017974
0.000000, 1.854900, 3.709790
 0.004724 0.008147 0.012381
 0.017186 0.009978 0.013018
v= 0.011685
dequeued node 1649, type NAND
0.000000, 1.854900, 3.709790
 0.004724 0.012708 0.017300
 0.017186 0.018954 0.023639
v= 0.018390
0.000000, 1.854900, 3.709790
 0.004724 0.012708 0.017300
 0.017186 0.018954 0.023639
v= 0.017974
0.000000, 1.854900, 3.709790
 0.004724 0.008147 0.012381
 0.017186 0.009978 0.013018
v= 0.011685
dequeued node 286, type NAND
0.000000, 0.365616, 1.854900
 0.004724 0.008963 0.012708
 0.017186 0.014183 0.018954
v= 0.015452
0.000000, 0.365616, 1.854900
 0.004724 0.008963 0.012708
 0.017186 0.014183 0.018954
v= 0.013454
0.000000, 0.365616, 1.854900
 0.004724 0.004754 0.008147
 0.017186 0.007798 0.009978
v= 0.008031
dequeued node 349, type NAND
0.000000, 0.365616, 1.854900
 0.004724 0.008963 0.012708
 0.017186 0.014183 0.018954
v= 0.015454
0.000000, 0.365616, 1.854900
 0.004724 0.008963 0.012708
 0.017186 0.014183 0.018954
v= 0.013454
0.000000, 0.365616, 1.854900
 0.004724 0.004754 0.008147
 0.017186 0.007798 0.009978
v= 0.008031
dequeued node 426, type NAND
0.000000, 0.365616, 1.854900
 0.004724 0.008963 0.012708
 0.017186 0.014183 0.018954
v= 0.014896
0.000000, 0.365616, 1.854900
 0.004724 0.008963 0.012708
 0.017186 0.014183 0.018954
v= 0.013454
0.000000, 0.365616, 1.854900
 0.004724 0.004754 0.008147
 0.017186 0.007798 0.009978
v= 0.008031
dequeued node 428, type NAND
0.000000, 0.365616, 1.854900
 0.004724 0.008963 0.012708
 0.017186 0.014183 0.018954
v= 0.014896
0.000000, 0.365616, 1.854900
 0.004724 0.008963 0.012708
 0.017186 0.014183 0.018954
v= 0.013454
0.000000, 0.365616, 1.854900
 0.004724 0.004754 0.008147
 0.017186 0.007798 0.009978
v= 0.008031
dequeued node 430, type NAND
0.000000, 0.365616, 1.854900
 0.004724 0.008963 0.012708
 0.017186 0.014183 0.018954
v= 0.014896
0.000000, 0.365616, 1.854900
 0.004724 0.008963 0.012708
 0.017186 0.014183 0.018954
v= 0.013454
0.000000, 0.365616, 1.854900
 0.004724 0.004754 0.008147
 0.017186 0.007798 0.009978
v= 0.008031
dequeued node 1215, type NAND
0.000000, 0.365616, 1.854900
 0.004724 0.008963 0.012708
 0.017186 0.014183 0.018954
v= 0.015454
0.000000, 0.365616, 1.854900
 0.004724 0.008963 0.012708
 0.017186 0.014183 0.018954
v= 0.013454
0.000000, 0.365616, 1.854900
 0.004724 0.004754 0.008147
 0.017186 0.007798 0.009978
v= 0.008031
dequeued node 67, type NAND
0.000000, 0.365616, 1.854900
 0.004724 0.008963 0.012708
 0.017186 0.014183 0.018954
v= 0.015455
0.000000, 0.365616, 1.854900
 0.004724 0.008963 0.012708
 0.017186 0.014183 0.018954
v= 0.013439
0.000000, 0.365616, 1.854900
 0.004724 0.004754 0.008147
 0.017186 0.007798 0.009978
v= 0.008703
dequeued node 1643, type NOT
0.000000, 0.365616, 1.897810
 0.004724 0.007266 0.011031
 0.017186 0.011759 0.017202
v= 0.013561
0.000000, 0.365616, 1.897810
 0.004724 0.003321 0.006755
 0.017186 0.006463 0.009176
v= 0.007516
dequeued node 70, type NAND
0.000000, 0.365616, 1.854900
 0.004724 0.008963 0.012708
 0.017186 0.014183 0.018954
v= 0.015455
0.000000, 0.365616, 1.854900
 0.004724 0.008963 0.012708
 0.017186 0.014183 0.018954
v= 0.013439
0.000000, 0.365616, 1.854900
 0.004724 0.004754 0.008147
 0.017186 0.007798 0.009978
v= 0.008703
dequeued node 1653, type NOT
0.000000, 0.365616, 1.897810
 0.004724 0.007266 0.011031
 0.017186 0.011759 0.017202
v= 0.013561
0.000000, 0.365616, 1.897810
 0.004724 0.003321 0.006755
 0.017186 0.006463 0.009176
v= 0.007516
dequeued node 49, type NAND
0.000000, 0.365616, 1.854900
 0.004724 0.008963 0.012708
 0.017186 0.014183 0.018954
v= 0.011839
0.000000, 0.365616, 1.854900
 0.004724 0.008963 0.012708
 0.017186 0.014183 0.018954
v= 0.012162
0.000000, 0.365616, 1.854900
 0.004724 0.004754 0.008147
 0.017186 0.007798 0.009978
v= 0.006701
dequeued node 53, type NAND
0.000000, 0.365616, 1.854900
 0.004724 0.008963 0.012708
 0.017186 0.014183 0.018954
v= 0.011839
0.000000, 0.365616, 1.854900
 0.004724 0.008963 0.012708
 0.017186 0.014183 0.018954
v= 0.012162
0.000000, 0.365616, 1.854900
 0.004724 0.004754 0.008147
 0.017186 0.007798 0.009978
v= 0.006701
dequeued node 59, type NAND
0.000000, 0.365616, 1.854900
 0.004724 0.008963 0.012708
 0.017186 0.014183 0.018954
v= 0.011839
0.000000, 0.365616, 1.854900
 0.004724 0.008963 0.012708
 0.017186 0.014183 0.018954
v= 0.012162
0.000000, 0.365616, 1.854900
 0.004724 0.004754 0.008147
 0.017186 0.007798 0.009978
v= 0.006701
dequeued node 61, type NAND
0.000000, 0.365616, 1.854900
 0.004724 0.008963 0.012708
 0.017186 0.014183 0.018954
v= 0.011839
0.000000, 0.365616, 1.854900
 0.004724 0.008963 0.012708
 0.017186 0.014183 0.018954
v= 0.012162
0.000000, 0.365616, 1.854900
 0.004724 0.004754 0.008147
 0.017186 0.007798 0.009978
v= 0.006701
dequeued node 65, type NAND
0.000000, 0.365616, 1.854900
 0.004724 0.008963 0.012708
 0.017186 0.014183 0.018954
v= 0.011839
0.000000, 0.365616, 1.854900
 0.004724 0.008963 0.012708
 0.017186 0.014183 0.018954
v= 0.012162
0.000000, 0.365616, 1.854900
 0.004724 0.004754 0.008147
 0.017186 0.007798 0.009978
v= 0.006701
dequeued node 1217, type NAND
0.000000, 1.854900, 3.709790
 0.004724 0.012708 0.017300
 0.017186 0.018954 0.023639
v= 0.017960
0.000000, 1.854900, 3.709790
 0.004724 0.012708 0.017300
 0.017186 0.018954 0.023639
v= 0.018325
0.000000, 1.854900, 3.709790
 0.004724 0.008147 0.012381
 0.017186 0.009978 0.013018
v= 0.011683
dequeued node 68, type NAND
0.000000, 0.365616, 1.854900
 0.004724 0.008963 0.012708
 0.017186 0.014183 0.018954
v= 0.015522
0.000000, 0.365616, 1.854900
 0.004724 0.008963 0.012708
 0.017186 0.014183 0.018954
v= 0.013425
0.000000, 0.365616, 1.854900
 0.004724 0.004754 0.008147
 0.017186 0.007798 0.009978
v= 0.008021
dequeued node 71, type NAND
0.000000, 0.365616, 1.854900
 0.004724 0.008963 0.012708
 0.017186 0.014183 0.018954
v= 0.015522
0.000000, 0.365616, 1.854900
 0.004724 0.008963 0.012708
 0.017186 0.014183 0.018954
v= 0.013425
0.000000, 0.365616, 1.854900
 0.004724 0.004754 0.008147
 0.017186 0.007798 0.009978
v= 0.008021
dequeued node 51, type AND
0.000000, 3.786090, 7.572170
 0.004724 0.034403 0.044052
 0.017186 0.039381 0.048983
v= 0.042870
0.000000, 3.786090, 7.572170
 0.004724 0.034403 0.044052
 0.017186 0.039381 0.048983
v= 0.044241
0.000000, 3.786090, 7.572170
 0.004724 0.012819 0.020891
 0.017186 0.012846 0.020908
v= 0.019250
dequeued node 54, type AND
0.000000, 3.786090, 7.572170
 0.004724 0.034403 0.044052
 0.017186 0.039381 0.048983
v= 0.044241
0.000000, 3.786090, 7.572170
 0.004724 0.034403 0.044052
 0.017186 0.039381 0.048983
v= 0.042870
0.000000, 3.786090, 7.572170
 0.004724 0.012819 0.020891
 0.017186 0.012846 0.020908
v= 0.019250
dequeued node 60, type AND
0.000000, 3.786090, 7.572170
 0.004724 0.034403 0.044052
 0.017186 0.039381 0.048983
v= 0.044241
0.000000, 3.786090, 7.572170
 0.004724 0.034403 0.044052
 0.017186 0.039381 0.048983
v= 0.042870
0.000000, 3.786090, 7.572170
 0.004724 0.012819 0.020891
 0.017186 0.012846 0.020908
v= 0.019250
dequeued node 63, type AND
0.000000, 3.786090, 7.572170
 0.004724 0.034403 0.044052
 0.017186 0.039381 0.048983
v= 0.042870
0.000000, 3.786090, 7.572170
 0.004724 0.034403 0.044052
 0.017186 0.039381 0.048983
v= 0.044241
0.000000, 3.786090, 7.572170
 0.004724 0.012819 0.020891
 0.017186 0.012846 0.020908
v= 0.019250
dequeued node 66, type AND
0.000000, 3.786090, 7.572170
 0.004724 0.034403 0.044052
 0.017186 0.039381 0.048983
v= 0.044241
0.000000, 3.786090, 7.572170
 0.004724 0.034403 0.044052
 0.017186 0.039381 0.048983
v= 0.042870
0.000000, 3.786090, 7.572170
 0.004724 0.012819 0.020891
 0.017186 0.012846 0.020908
v= 0.019250
dequeued node 375, type NAND
0.000000, 0.365616, 1.854900
 0.004724 0.008963 0.012708
 0.017186 0.014183 0.018954
v= 0.015454
0.000000, 0.365616, 1.854900
 0.004724 0.008963 0.012708
 0.017186 0.014183 0.018954
v= 0.013424
0.000000, 0.365616, 1.854900
 0.004724 0.004754 0.008147
 0.017186 0.007798 0.009978
v= 0.008703
dequeued node 1221, type NOT
0.000000, 0.365616, 1.897810
 0.004724 0.007266 0.011031
 0.017186 0.011759 0.017202
v= 0.013561
0.000000, 0.365616, 1.897810
 0.004724 0.003321 0.006755
 0.017186 0.006463 0.009176
v= 0.007516
dequeued node 69, type NAND
0.000000, 3.709790, 7.419590
 0.004724 0.017300 0.026357
 0.017186 0.023639 0.032510
v= 0.026821
0.000000, 3.709790, 7.419590
 0.004724 0.017300 0.026357
 0.017186 0.023639 0.032510
v= 0.026483
0.000000, 3.709790, 7.419590
 0.004724 0.012381 0.020845
 0.017186 0.013018 0.020850
v= 0.019462
dequeued node 72, type NAND
0.000000, 3.709790, 7.419590
 0.004724 0.017300 0.026357
 0.017186 0.023639 0.032510
v= 0.026821
0.000000, 3.709790, 7.419590
 0.004724 0.017300 0.026357
 0.017186 0.023639 0.032510
v= 0.026483
0.000000, 3.709790, 7.419590
 0.004724 0.012381 0.020845
 0.017186 0.013018 0.020850
v= 0.019462
dequeued node 376, type NAND
0.000000, 0.365616, 1.854900
 0.004724 0.008963 0.012708
 0.017186 0.014183 0.018954
v= 0.015452
0.000000, 0.365616, 1.854900
 0.004724 0.008963 0.012708
 0.017186 0.014183 0.018954
v= 0.013425
0.000000, 0.365616, 1.854900
 0.004724 0.004754 0.008147
 0.017186 0.007798 0.009978
v= 0.008021
dequeued node 55, type NAND
0.000000, 0.365616, 1.854900
 0.004724 0.008963 0.012708
 0.017186 0.014183 0.018954
v= 0.012141
0.000000, 0.365616, 1.854900
 0.004724 0.008963 0.012708
 0.017186 0.014183 0.018954
v= 0.011834
0.000000, 0.365616, 1.854900
 0.004724 0.004754 0.008147
 0.017186 0.007798 0.009978
v= 0.006699
dequeued node 57, type AND
0.000000, 3.786090, 7.572170
 0.004724 0.034403 0.044052
 0.017186 0.039381 0.048983
v= 0.042870
0.000000, 3.786090, 7.572170
 0.004724 0.034403 0.044052
 0.017186 0.039381 0.048983
v= 0.044241
0.000000, 3.786090, 7.572170
 0.004724 0.012819 0.020891
 0.017186 0.012846 0.020908
v= 0.019250
